Virtual Hit,1:10 Morgan,1:10 MACCS,1:10 Avalon,1:5 Featmorgan,1:5 Avalon,1:5 Atompair,1:3 Morgan,1:3 MACCS,1:3 Atompair,1:2 Featmorgan,1:2 Avalon,1:2 Atompair,1:1 Morgan,1:1 MACCS,1:1 Featmorgan,SUM
Oc1ccc(NCc2cccs2)cc1,1,1,1,1,1,1,1,1,1,0,1,1,1,1,1,14
COc1ccc(NC(=O)Nc2cccs2)cn1,1,1,1,0,1,1,1,1,1,1,0,0,1,1,1,12
Oc1c(CN2CCOCC2)ccc2ccccc12,1,1,1,0,0,1,1,1,1,1,1,0,1,1,1,12
O=C(Nc1nnc(-c2ccco2)s1)C1CC1,1,1,1,0,1,1,1,0,1,1,0,0,1,1,1,11
CNc1ccc(O)cc1,1,1,1,0,0,1,1,1,0,1,1,1,1,0,1,11
Nc1ccc(-c2ccc(CO)o2)cc1,1,1,0,0,0,1,0,1,1,1,0,1,1,1,1,10
Cc1ccc(CN(C)Cc2ccccc2)o1,1,1,1,0,0,1,1,1,1,1,0,1,0,0,1,10
Cc1ccc(CN(C)C)o1,1,1,1,0,0,1,1,1,1,1,0,1,0,0,1,10
Oc1ccc(CN2CCCC2)c2cccnc12,1,1,0,0,0,1,0,1,1,1,1,1,0,0,1,9
O=C(NCCc1ccc(F)cc1)c1ccco1,1,1,0,0,0,1,0,1,1,1,0,0,1,1,1,9
CN(C)c1ccc(NCc2ccccc2O)cc1,1,1,0,0,0,1,0,1,1,1,1,0,1,0,1,9
COc1ccc(NCc2ccccc2O)cc1,1,1,0,0,0,1,0,1,1,1,1,0,1,0,1,9
Cc1occc1C(=O)N1CCc2ccccc21,1,1,0,0,1,1,0,1,0,0,0,0,1,1,1,8
Oc1ccc(CN2CCOCC2)c2cccnc12,1,1,0,0,0,1,0,1,1,1,1,0,0,0,1,8
Oc1ccccc1CN1CCc2ccccc2C1,1,1,0,0,0,1,0,1,0,1,1,0,1,0,1,8
Oc1ccc(CN2CCc3ccccc3C2)cc1,1,1,0,0,0,1,0,1,0,1,1,0,1,0,1,8
Cc1ccc(-c2ccccc2N)o1,1,1,0,0,0,1,0,1,1,1,0,0,1,0,1,8
O=C(NCc1ccco1)NCc1ccco1,1,1,0,0,0,1,0,1,1,1,0,0,0,1,1,8
Cc1ccc(-c2cccc(N)c2)o1,1,1,0,0,0,1,0,1,1,1,0,1,0,0,1,8
CCN(CC)c1cccc(O)c1,1,1,0,0,0,1,0,1,1,0,1,0,1,0,1,8
CCOc1ccc(NC(=O)c2cnccn2)cc1,0,1,1,0,1,0,1,0,0,0,0,0,1,1,1,7
O=C(NCc1ccco1)Nc1ccc(F)cc1,1,0,0,0,0,1,0,1,1,1,0,0,0,1,1,7
CNC(=O)c1ccccc1NC(=O)c1ccco1,1,1,0,0,0,1,0,0,1,1,0,0,0,1,1,7
CC(C)c1ccc(NNC(=O)c2ccno2)cc1,1,1,0,0,0,1,0,0,1,1,1,0,0,0,1,7
Cc1cc(C)cc(NC(=O)NCc2ccco2)c1,1,0,0,0,0,1,0,1,1,1,0,0,0,1,1,7
Oc1ccc(CNCc2cccs2)cc1,1,1,0,0,0,1,0,1,0,0,0,1,1,0,1,7
Fc1ccc(Cn2cnc3ccccc32)cc1,1,1,0,0,0,1,0,0,1,1,0,0,1,0,1,7
O=C(O)CCc1ccc(-c2ccc(O)cc2)cc1,1,1,0,0,0,1,0,1,1,0,0,0,0,1,1,7
O=C(NNc1ccccc1F)c1ccno1,1,1,0,0,0,1,0,1,1,1,0,0,0,0,1,7
CC(=O)c1ccc(-c2ccc(F)cc2F)o1,1,1,0,0,0,1,0,1,0,1,0,0,1,0,1,7
CC(C)c1ccc(NNC(=O)C2CCC2)cc1,0,1,1,0,0,0,1,0,1,1,1,0,0,0,1,7
Oc1ccccc1CN1CCOCC1,1,1,0,0,0,1,0,1,0,0,0,0,1,1,1,7
CN(C)c1oc(-c2ccco2)nc1C#N,1,1,0,0,0,1,0,1,0,1,0,0,0,0,1,6
c1ccc(CNCc2ccc3c(c2)OCO3)nc1,1,1,0,0,0,1,0,1,0,0,0,0,1,0,1,6
Fc1cccc(NCc2ccc3c(c2)OCO3)c1,1,1,0,0,0,1,0,0,0,1,0,0,1,0,1,6
O=C(OCc1ccc(Cl)cc1)c1ccco1,1,1,0,0,0,1,0,1,0,1,0,0,0,0,1,6
Cc1ccc(CNc2cccc(C(=O)O)c2)s1,1,1,0,0,0,1,0,1,0,0,1,0,0,0,1,6
N#Cc1ccc(Cn2cnc3ccccc32)cc1,1,1,0,0,0,1,0,1,0,1,0,0,0,0,1,6
Fc1cccc(CNCc2ccco2)c1,1,1,0,0,0,1,0,0,0,1,0,0,1,0,1,6
CC1(C)CC(=O)C=C(Nc2cccc(O)c2)C1,1,1,0,0,0,1,0,1,0,0,1,0,0,0,1,6
COc1ccc2[nH]c(CN)cc2c1,1,1,0,0,0,1,0,0,0,1,0,0,1,0,1,6
CS(=O)(=O)N1CCN(Cc2ccco2)CC1,1,0,0,0,0,1,0,1,1,1,0,0,0,0,1,6
O=S1(=O)CCN(Cc2ccco2)CC1,1,1,0,0,0,1,0,1,0,1,0,0,0,0,1,6
COC(=O)C1CC(O)CN1C(=O)c1ccco1,1,1,0,0,0,1,0,1,0,1,0,0,0,0,1,6
COc1ccc2nonc2c1,1,1,0,0,0,1,0,1,0,1,0,0,0,0,1,6
Nc1ccc(F)c(-c2nc3ccccc3o2)c1,1,1,0,0,0,1,0,1,0,0,0,0,0,0,1,5
Cc1cc(C(=O)Nc2ccc3[nH]ccc3c2)no1,1,1,0,0,0,1,0,1,0,0,0,0,0,0,1,5
COc1cc(Nc2ccccc2)ccc1N,1,1,0,0,0,1,0,0,1,1,0,0,0,0,0,5
Cc1cc(=O)oc2c(CN(C)C)c(O)ccc12,1,1,0,0,0,1,0,1,0,0,1,0,0,0,0,5
Cc1ccc(NC(=O)c2ccco2)cc1O,1,1,0,0,0,1,0,1,0,0,0,0,0,0,1,5
COc1ccc(CN2CCCCCC2)cc1O,1,1,0,0,0,1,0,1,0,0,0,0,0,0,1,5
NC(=S)NNc1ccccc1-c1ccccc1,0,0,0,0,0,0,0,1,1,1,0,0,1,0,1,5
CSc1nnc(NC(=O)c2ccco2)s1,1,1,0,0,0,1,0,1,0,0,0,0,0,0,1,5
O=C(NCc1ccco1)NC1CCCCC1,1,0,0,0,0,1,0,1,0,1,0,0,0,0,1,5
NC(=O)N1CCN(C(=O)c2ccco2)CC1,1,0,0,0,0,1,0,1,0,1,0,0,0,0,1,5
O=C(NCCc1ccccc1)c1ccc(=O)oc1,1,0,0,0,0,1,0,0,1,1,0,0,0,0,1,5
O=C(Nc1ccc2[nH]c(=O)[nH]c2c1)c1ccco1,1,0,0,0,0,1,0,1,1,0,0,0,0,0,1,5
N#Cc1cccc(-c2ccc(O)cc2)c1,1,1,0,0,0,1,0,1,0,0,0,0,0,0,1,5
C1=CCC(CNCc2ccc3c(c2)OCO3)CC1,1,1,0,0,0,1,0,0,0,0,0,0,1,0,1,5
O=C(c1ccco1)N1CCN(C(=O)C2CC2)CC1,1,1,0,0,0,1,0,1,0,0,0,0,0,0,1,5
Cc1cc(Nc2ccc(O)cc2)n2ncnc2n1,1,1,0,0,0,1,0,1,0,0,1,0,0,0,0,5
COc1ccc(N)cc1N,1,1,0,0,0,1,0,1,0,1,0,0,0,0,0,5
NC(=O)CN1CCN(C(=O)c2ccco2)CC1,1,1,0,0,0,1,0,1,0,0,0,0,0,0,1,5
COc1ccc(C(=O)C2CCNCC2)cc1,1,1,0,0,0,1,0,1,0,0,0,0,0,0,1,5
Cc1cc(C)nc(Nc2cccc(O)c2)n1,1,1,0,0,0,1,0,1,0,0,1,0,0,0,0,5
N#Cc1cccc(-c2cccc(O)c2)c1,1,1,0,0,0,1,0,1,0,0,0,0,0,0,1,5
Cn1cc(CNC(=O)c2ccco2)cn1,1,1,0,0,0,1,0,1,0,0,0,0,0,0,1,5
Cc1ccc(NC2=CC(=O)CC(C)(C)C2)c(O)c1,1,0,0,0,0,1,0,1,0,0,1,0,0,0,1,5
COc1ccc2[nH]cc(CN(C)C)c2c1,1,1,0,0,0,1,0,1,0,0,0,0,0,0,1,5
O=C(NNc1ccc(F)cc1)C1CCC1,1,0,0,0,0,1,0,1,0,1,1,0,0,0,0,5
CC(O)CNCc1ccc2c(c1)OCO2,1,1,0,0,0,1,0,0,0,0,0,0,1,0,1,5
CC1(C)CC(NCc2ccc(O)cc2)CCO1,1,1,0,0,0,1,0,0,0,0,1,0,0,0,1,5
Oc1cccc(CN2CCSCC2)c1,1,1,0,0,0,1,0,1,0,0,0,0,0,0,1,5
CN1CCCC(OC(=O)c2ccco2)C1,1,0,0,0,0,1,0,1,0,1,0,0,0,0,1,5
Clc1snnc1CN1CCOCC1,1,1,0,0,0,1,0,1,0,0,0,0,0,0,1,5
CN(C)Cc1ccc(C(=O)O)o1,1,1,0,0,0,1,0,1,0,0,0,0,0,0,1,5
O=C(NCCn1cccc1)C(F)(F)Cl,1,0,0,0,0,1,0,1,0,1,0,0,0,0,1,5
Cc1ccc(CNCC(C)O)s1,1,1,0,0,0,1,0,1,0,0,0,0,0,0,1,5
O=C(NCc1nc2ccccc2[nH]1)c1ccco1,0,1,0,0,0,0,0,1,1,0,0,0,0,0,1,4
O=C(CCc1ccccc1)Nc1ccc(O)cc1,1,1,0,0,0,1,0,0,0,1,0,0,0,0,0,4
c1ccc2c(CN3CCCCCC3)c[nH]c2c1,1,0,0,0,0,1,0,1,0,0,0,0,0,0,1,4
c1cc2c(cc1CNCC1CCCO1)OCO2,1,1,0,0,0,1,0,0,0,0,0,0,0,0,1,4
COC(=O)c1sc(-c2cccs2)cc1N,0,1,0,0,0,0,0,1,0,0,1,0,0,0,1,4
Cc1cc(C(=O)NNc2ccccc2F)no1,0,1,0,0,0,0,0,1,0,1,0,0,0,0,1,4
OCc1ccc(-n2cnc3ccccc32)cc1,1,1,0,0,0,1,0,0,0,0,0,0,0,0,1,4
Cc1occc1C(=O)Nc1cc(C(C)(C)C)on1,1,1,0,0,0,1,0,0,0,0,0,0,0,0,1,4
COC(=O)c1ccc(CN2CCCC2)o1,0,1,0,0,0,0,0,1,0,1,0,0,0,0,1,4
CC(=O)Nc1cccc2nonc12,1,1,0,0,0,1,0,0,0,0,0,0,0,0,1,4
N#Cc1sc(-c2ccc(F)cc2)cc1N,1,1,0,0,0,1,0,0,0,0,0,0,0,0,1,4
NCc1cc(-c2ccccc2)no1,1,1,0,0,0,1,0,0,0,0,0,0,1,0,0,4
CN1CCCC(OC(=O)c2cccc(F)c2)C1,1,1,0,0,0,1,0,1,0,0,0,0,0,0,0,4
Cc1nc2ccc(O)cc2o1,1,0,0,0,0,1,0,0,1,0,0,0,0,0,1,4
C1=CC2CCC1ON2c1ccccc1,1,1,0,0,0,1,0,0,0,0,0,0,1,0,0,4
COc1ccc(C(N)C(=O)O)cc1,1,1,0,0,0,1,0,0,0,0,0,0,1,0,0,4
CCCn1nnnc1NC(=O)c1ccco1,1,0,0,0,0,1,0,1,0,1,0,0,0,0,0,4
CC(C)(C)c1ccc(NNC(N)=S)cc1,0,0,0,0,0,0,0,0,1,1,1,0,1,0,0,4
OCc1ccccc1N1CCOCC1,1,1,0,0,0,1,0,0,1,0,0,0,0,0,0,4
CC(C)N1CCN(c2ccc(O)cc2)CC1,1,0,0,0,0,1,0,1,0,0,0,0,0,0,1,4
COc1ccc(F)c(C)c1,1,1,0,0,0,1,0,1,0,0,0,0,0,0,0,4
CCN(CCO)c1ccc(N)cc1,1,0,0,0,0,1,0,1,1,0,0,0,0,0,0,4
Nc1cccc(OC(F)(F)C(F)F)c1,1,1,0,0,0,1,0,1,0,0,0,0,0,0,0,4
Oc1ccccc1-c1nc(-c2ccccc2)no1,1,0,0,0,0,1,0,1,0,0,0,0,0,0,0,3
O=C(Nc1ccc(F)cc1)Nc1cccc(O)c1,1,0,0,0,0,1,0,0,0,0,0,0,0,0,1,3
Cc1ccc(CNC(=O)Cc2cccs2)cc1,0,0,0,0,0,0,0,1,0,0,1,0,0,0,1,3
CCOC(=O)Nc1nc2ccc(C)cc2s1,1,0,0,0,0,1,0,0,0,0,0,0,0,0,1,3
Cc1ccc(NC(=O)c2cccc(F)c2)cc1O,1,0,0,0,0,1,0,0,0,0,0,0,0,0,1,3
O=C(OCc1ccc(Cl)cc1)c1cccnc1,1,0,0,0,0,1,0,1,0,0,0,0,0,0,0,3
Nc1ccc(Oc2ccc(C(=O)O)cc2)cc1,0,1,0,0,0,0,0,0,1,1,0,0,0,0,0,3
OCc1cn(-c2ccc(Cl)c(Cl)c2)nn1,1,0,0,0,0,1,0,1,0,0,0,0,0,0,0,3
Cc1cc(C(=O)NCc2cccs2)no1,0,1,0,0,0,0,0,1,0,0,0,0,0,0,1,3
COc1ccc(-c2cc[nH]n2)c(O)c1,1,0,0,0,0,1,0,0,0,0,0,0,0,0,1,3
Cc1cc(C)nc(Nc2ccccc2)n1,1,0,0,0,0,1,0,1,0,0,0,0,0,0,0,3
c1cc(CNCc2ccc3c(c2)OCO3)ccn1,0,1,0,0,0,0,0,0,0,0,0,0,1,0,1,3
c1coc(CNc2nc3ccccc3[nH]2)c1,0,1,0,0,0,0,0,1,1,0,0,0,0,0,0,3
OCc1ccccc1CNc1ccc(F)cc1,0,1,0,0,0,0,0,1,0,1,0,0,0,0,0,3
CCC(=O)NC(=S)N1CCCc2ccccc21,1,0,0,0,0,1,0,0,0,0,0,0,0,0,1,3
N#Cc1ccc(Nc2ccccc2)c(N)c1,1,0,0,0,0,1,0,1,0,0,0,0,0,0,0,3
CC(=O)NCCc1c[nH]c2ccc(F)cc12,1,0,0,0,0,1,0,0,0,1,0,0,0,0,0,3
Cc1ccc(-c2ccc(C(=O)O)[nH]2)cc1,0,1,0,0,0,0,0,0,0,0,0,0,1,0,1,3
O=C(O)c1cccc(NC(=O)c2ccno2)c1,1,1,0,0,0,1,0,0,0,0,0,0,0,0,0,3
Oc1c(F)cc(F)cc1-c1ccn[nH]1,1,0,0,0,0,1,0,0,1,0,0,0,0,0,0,3
O=C(O)Cc1ccc(-c2ccccc2)cc1,1,0,0,0,0,1,0,0,1,0,0,0,0,0,0,3
O=C(NCC1CC1)Nc1ccc2c(c1)CCO2,1,0,0,0,0,1,0,0,0,0,0,0,0,0,1,3
Cn1nnc(NC(=O)c2cc3ccccc3o2)n1,1,0,0,0,0,1,0,0,0,0,0,0,0,0,1,3
CC(=O)N1CCC(c2c[nH]c3ccccc23)CC1,1,0,0,0,0,1,0,0,0,0,0,0,0,0,1,3
COc1ccc(C(N)c2ccccc2)cc1,1,1,0,0,0,1,0,0,0,0,0,0,0,0,0,3
N#Cc1ccc(NC(=O)c2cccs2)cc1,1,0,0,0,0,1,0,0,0,0,0,0,0,0,1,3
CC(C)C(=O)Nc1ccc(N2CCCCC2)cc1,0,0,0,0,0,0,0,0,1,0,0,1,0,1,0,3
CC(=O)NC(Cc1ccc(O)cc1)C(=O)NN,1,0,0,0,0,1,0,1,0,0,0,0,0,0,0,3
N#Cc1ccc(CNCc2ccc(F)cc2)cc1,1,1,0,0,0,1,0,0,0,0,0,0,0,0,0,3
CN1CCC(OC(=O)c2cccc(F)c2)CC1,1,1,0,0,0,1,0,0,0,0,0,0,0,0,0,3
CCS(=O)(=O)NCc1ccc2c(c1)OCO2,1,1,0,0,0,1,0,0,0,0,0,0,0,0,0,3
COc1cccc(-c2nc(C#N)c(N)o2)c1,1,1,0,0,0,1,0,0,0,0,0,0,0,0,0,3
NC(=S)NNc1ccc(F)cc1,0,1,0,0,0,0,0,0,0,1,1,0,0,0,0,3
NCc1ccc(-c2cccs2)cc1,1,0,0,0,0,1,0,0,0,0,0,0,0,0,1,3
CN(CCO)S(=O)(=O)c1ccc(N)cc1,1,0,0,0,0,1,0,1,0,0,0,0,0,0,0,3
CC1(C)CC(=O)C=C(Nc2c[nH]c(=O)[nH]c2=O)C1,1,1,0,0,0,1,0,0,0,0,0,0,0,0,0,3
c1ccc(-c2ccsc2)cc1,1,0,0,0,0,1,0,0,0,0,0,0,0,0,1,3
CC(=O)Nc1ccccc1O,0,1,0,0,0,0,0,0,0,1,0,0,1,0,0,3
COc1ccc(CN)cc1OC,1,1,0,0,0,1,0,0,0,0,0,0,0,0,0,3
N#CCC(=O)Nc1ccc(Cl)cc1,1,1,0,0,0,1,0,0,0,0,0,0,0,0,0,3
COc1cccc(C(N)CC(=O)O)c1,1,1,0,0,0,1,0,0,0,0,0,0,0,0,0,3
O=C(NC(=S)N1CCOCC1)c1ccco1,0,0,0,0,0,0,0,1,0,1,0,0,0,0,1,3
CNC(=O)NCc1c(F)cccc1Cl,1,1,0,0,0,1,0,0,0,0,0,0,0,0,0,3
c1cc(CNCC2CCCO2)co1,0,1,0,0,0,0,0,0,0,1,0,0,0,0,1,3
ONc1ccccc1,1,0,0,0,0,1,0,1,0,0,0,0,0,0,0,3
CN1CCN(c2ccc(C#N)cc2)CC1,1,0,0,0,0,1,0,1,0,0,0,0,0,0,0,3
CC1(C)CC(NCc2ccco2)CCO1,0,1,0,0,0,0,0,0,0,1,0,0,0,0,1,3
CC(C)C(C)(C#N)Nc1ccccc1,1,0,0,0,0,1,0,1,0,0,0,0,0,0,0,3
NC(=O)c1sccc1NC(=O)C(F)(F)F,1,0,0,0,0,1,0,1,0,0,0,0,0,0,0,3
CCOC(=O)c1ccoc1,0,1,0,0,0,0,0,0,0,1,0,0,0,0,1,3
CC(Cc1ccc(O)cc1)N(C)C,1,1,0,0,0,1,0,0,0,0,0,0,0,0,0,3
CNc1ccccc1C(F)(F)F,0,1,0,0,0,0,0,1,0,0,1,0,0,0,0,3
CNCc1cccc(Cl)c1,1,1,0,0,0,1,0,0,0,0,0,0,0,0,0,3
Cc1ccccc1-c1nc(C#N)c(N(C)C)o1,1,0,0,0,0,1,0,0,0,0,0,0,0,0,0,2
O=C(Cc1ccccc1)N1CCc2ccccc21,1,0,0,0,0,1,0,0,0,0,0,0,0,0,0,2
Cc1cccc(C(=O)Nc2ccc(C)cc2O)c1,0,1,0,0,0,0,0,0,0,1,0,0,0,0,0,2
O=C(C1COc2ccccc2O1)N1CCOCC1,1,0,0,0,0,1,0,0,0,0,0,0,0,0,0,2
CN1CCN(C(=O)c2ccc3cc[nH]c3c2)CC1,0,0,0,0,0,0,0,1,0,0,0,0,0,0,1,2
O=C(Nc1cccnc1)c1cnn2cccnc12,1,0,0,0,0,1,0,0,0,0,0,0,0,0,0,2
O=C(NNc1ccccc1F)c1ccccc1,1,0,0,0,0,1,0,0,0,0,0,0,0,0,0,2
O=C(Nc1cccc(F)c1)c1cnccn1,1,0,0,0,0,1,0,0,0,0,0,0,0,0,0,2
Cc1occc1C(=O)Nc1ccncc1,0,1,0,0,0,0,0,0,0,0,0,0,0,0,1,2
Cc1ccc(C)c(OC(=O)c2ccncc2)c1,0,1,0,0,0,0,0,0,0,0,0,0,0,0,1,2
CC(=O)Nc1ccc(NC(=O)c2ccco2)cn1,0,0,0,0,0,0,0,0,0,0,0,0,0,1,1,2
CC(=O)c1ccc(OC(=O)c2cccs2)cc1,0,0,0,0,0,0,0,1,0,0,0,0,0,0,1,2
COc1ccccc1NC(=O)c1ccc(C)s1,0,1,0,0,0,0,0,1,0,0,0,0,0,0,0,2
CC(=O)Nc1ccc(Nc2ccccc2)cc1,0,0,0,0,0,0,0,0,1,1,0,0,0,0,0,2
CCCn1c(NC(=O)CC)nc2ccccc21,1,0,0,0,0,1,0,0,0,0,0,0,0,0,0,2
Clc1ccc2nnc(Nc3ccccc3)n2n1,0,0,0,0,0,0,0,0,0,0,1,0,0,0,1,2
CC(=O)Nc1cc(-c2ccccc2)ccc1O,0,1,0,0,0,0,0,0,0,1,0,0,0,0,0,2
O=C(NCC(O)c1ccccc1)c1ccccc1,0,1,0,0,0,0,0,0,0,0,0,0,1,0,0,2
O=C(c1ccc2snnc2c1)N1CCOCC1,1,0,0,0,0,1,0,0,0,0,0,0,0,0,0,2
O=c1ccnc(Nc2cccc(F)c2)[nH]1,1,0,0,0,0,1,0,0,0,0,0,0,0,0,0,2
COc1ccc2c(CC(=O)O)cc(=O)oc2c1,0,1,0,0,0,0,0,0,1,0,0,0,0,0,0,2
NC(=O)Nc1ccc(-c2ccccc2)cc1,1,0,0,0,0,1,0,0,0,0,0,0,0,0,0,2
O=C(O)CN1CCC(c2ccccc2)CC1,1,0,0,0,0,1,0,0,0,0,0,0,0,0,0,2
COC(=O)C#Cc1ccc2ccccc2c1,0,0,0,0,0,0,0,1,0,0,0,0,0,0,1,2
COc1cc(N)c2ncccc2c1,0,0,0,0,0,0,0,1,0,0,0,0,0,0,1,2
O=C(Nc1ccc(N2CCOCC2)cc1)C1CC1,1,0,0,0,0,1,0,0,0,0,0,0,0,0,0,2
O=c1[nH]cc(NCc2ccccc2)c(=O)[nH]1,1,0,0,0,0,1,0,0,0,0,0,0,0,0,0,2
FC(F)(F)c1nnc(Nc2cccnc2)s1,0,1,0,0,0,0,0,1,0,0,0,0,0,0,0,2
CC(Oc1ccc(-c2ccccc2)cc1)C(=O)O,0,1,0,0,0,0,0,0,0,0,0,0,0,1,0,2
COc1ccc(NCc2ccc(F)cc2)cc1,0,1,0,0,0,0,0,0,0,0,0,0,0,1,0,2
O=c1[nH]cc(COCc2ccccc2)c(=O)[nH]1,1,0,0,0,0,1,0,0,0,0,0,0,0,0,0,2
Clc1cccc(CN2CCOCC2)c1,0,1,0,0,0,0,0,1,0,0,0,0,0,0,0,2
N#Cc1cccc2c3c([nH]c12)CCCC3,1,0,0,0,0,1,0,0,0,0,0,0,0,0,0,2
NC(=S)c1ccc(-c2ccccn2)s1,0,0,0,0,0,0,0,1,0,0,1,0,0,0,0,2
CC(=O)Oc1ccc2nsnc2c1,0,1,0,0,0,0,0,1,0,0,0,0,0,0,0,2
COc1ccc(C2C=C(C(=O)O)NC(=O)N2)cc1,0,1,0,0,0,0,0,0,0,0,0,0,0,0,1,2
OC1CN(C(c2ccccc2)c2ccccc2)C1,0,1,0,0,0,0,0,0,0,0,0,0,1,0,0,2
NNC(=O)c1ccc(-c2ccc(Cl)cc2)o1,0,1,0,0,0,0,0,0,0,0,0,0,0,1,0,2
N#Cc1ccc(CNC(=O)N2CCOCC2)cc1,1,0,0,0,0,1,0,0,0,0,0,0,0,0,0,2
CCn1c(NC(C)=O)nc2ccccc21,1,0,0,0,0,1,0,0,0,0,0,0,0,0,0,2
CC(C)(O)C(=O)NNc1ccc2ccccc2c1,0,0,0,0,0,0,0,1,0,0,1,0,0,0,0,2
Cc1[nH]c2ccc(F)cc2c1C,0,1,0,0,0,0,0,0,0,0,0,0,0,0,1,2
CCCC(C)C(=O)Nc1c(C)cccc1C,1,0,0,0,0,1,0,0,0,0,0,0,0,0,0,2
CC(C)C(=O)N1CCN(c2ccc(N)cc2)CC1,1,0,0,0,0,1,0,0,0,0,0,0,0,0,0,2
Nc1nnc(-c2ccc(O)cc2)s1,0,1,0,0,0,0,0,1,0,0,0,0,0,0,0,2
CCC(=O)Nc1ccc(C)cc1O,0,0,0,0,0,0,0,1,0,1,0,0,0,0,0,2
CC(O)CNCc1c(Cl)cccc1Cl,0,1,0,0,0,0,0,0,1,0,0,0,0,0,0,2
CC(C)COc1ccc(C2NC(=O)NC2=O)cc1,1,0,0,0,0,1,0,0,0,0,0,0,0,0,0,2
O=C(O)COCc1ccccc1,1,0,0,0,0,1,0,0,0,0,0,0,0,0,0,2
CC(N)c1ccc(N2CCOCC2)cc1,1,0,0,0,0,1,0,0,0,0,0,0,0,0,0,2
COC(=O)c1sccc1NC(=O)C1CC1,0,1,0,0,0,0,0,0,0,0,0,0,0,0,1,2
CC1(C)CC(=O)C=C(Nc2ccccc2C#N)C1,1,0,0,0,0,1,0,0,0,0,0,0,0,0,0,2
N#CCC(=O)N1CCC(C(N)=O)CC1,1,0,0,0,0,1,0,0,0,0,0,0,0,0,0,2
CCOc1ccccc1N1CCNCC1,1,0,0,0,0,1,0,0,0,0,0,0,0,0,0,2
N#CCN1CCN(c2cccc(Cl)c2)CC1,1,0,0,0,0,1,0,0,0,0,0,0,0,0,0,2
CNC(=O)c1nc(-c2cccs2)no1,0,0,0,0,0,0,0,1,0,0,0,0,0,0,1,2
Cc1ccc(-c2cc(C#N)on2)cc1,0,1,0,0,0,0,0,0,0,0,0,0,1,0,0,2
CCOC(=O)Nc1sccc1C(N)=O,0,0,0,0,0,0,0,0,0,1,0,0,0,0,1,2
COc1cc(CN)cc(OC)c1OC,1,0,0,0,0,1,0,0,0,0,0,0,0,0,0,2
OCC1CN(Cc2ccccc2)CCO1,0,1,0,0,0,0,0,1,0,0,0,0,0,0,0,2
OCc1ccc(-c2ccc(CO)cc2)cc1,0,1,0,0,0,0,0,1,0,0,0,0,0,0,0,2
O=S1(=O)C=CC(NCc2ccccc2)C1,0,1,0,0,0,0,0,0,0,0,0,0,0,0,1,2
CCc1ccccc1NNC(N)=S,0,0,0,0,0,0,0,0,0,0,1,0,1,0,0,2
NC(=O)C1CCN(CC2CC=CCC2)CC1,1,0,0,0,0,1,0,0,0,0,0,0,0,0,0,2
CC(C)Oc1cc(N)c(Cl)cc1Cl,0,1,0,0,0,0,0,1,0,0,0,0,0,0,0,2
c1csc(-c2ncc[nH]2)c1,0,0,0,0,0,0,0,1,0,0,0,0,0,0,1,2
CN(C)CC(=O)OC1CC2CCC1(C)C2(C)C,0,1,0,0,0,0,0,0,0,0,0,0,0,0,1,2
NC(=S)Nc1ccccc1OC(F)(F)F,0,0,0,0,0,0,0,1,0,0,0,0,0,0,1,2
OC1CCN(Cc2ccsc2)CC1,1,0,0,0,0,1,0,0,0,0,0,0,0,0,0,2
Cc1ccsc1CN1CCCC1CO,0,0,0,0,0,0,0,1,0,0,0,0,0,0,1,2
CC(=O)c1ccc(OC(F)F)cc1,0,1,0,0,0,0,0,1,0,0,0,0,0,0,0,2
CN(C)CC#Cc1ccccc1,0,1,0,0,0,0,0,1,0,0,0,0,0,0,0,2
C1CCC2(CC1)OCC(CN1CCCC1)O2,0,1,0,0,0,0,0,0,0,0,0,0,0,0,1,2
CC(=O)N1CCC(C#N)CC1,1,0,0,0,0,1,0,0,0,0,0,0,0,0,0,2
CN(C)Cc1ccc(C#N)cc1,0,1,0,0,0,0,0,1,0,0,0,0,0,0,0,2
NC(=S)Nc1ccc(OC(F)(F)F)cc1,0,1,0,0,0,0,0,1,0,0,0,0,0,0,0,2
CC(=O)N1CCC(NC2CC2)CC1,1,0,0,0,0,1,0,0,0,0,0,0,0,0,0,2
NCc1ccccc1OC(F)(F)F,0,1,0,0,0,0,0,1,0,0,0,0,0,0,0,2
O=C(NCCc1ccc(O)cc1)c1ccccn1,0,0,0,0,0,0,0,1,0,0,0,0,0,0,0,1
Cc1ccc(NC(=O)c2ccccc2C)c(O)c1,0,1,0,0,0,0,0,0,0,0,0,0,0,0,0,1
O=C(Nc1ccc(F)cc1)Nc1ccc(F)cc1,0,1,0,0,0,0,0,0,0,0,0,0,0,0,0,1
CC(=O)Nc1nnc(COc2ccccc2)s1,0,1,0,0,0,0,0,0,0,0,0,0,0,0,0,1
O=C(O)c1ccc(NCc2ccccc2)cc1,0,0,0,0,0,0,0,0,0,0,0,0,1,0,0,1
CCc1ccccc1NNC(=O)c1ccccc1,0,1,0,0,0,0,0,0,0,0,0,0,0,0,0,1
O=C(Nc1ccc(O)cc1)c1ccc(Cl)cc1,0,0,0,0,0,0,0,0,0,0,0,0,0,1,0,1
CCCc1nnc(NC(=O)c2ccccn2)s1,0,0,0,0,0,0,0,1,0,0,0,0,0,0,0,1
Cc1ccc(C(=O)n2cnc3ccccc32)cc1,0,0,0,0,0,0,0,0,0,0,0,0,0,0,1,1
Nc1ccc(S(=O)(=O)Nc2ccccn2)cc1,0,0,0,0,0,0,0,1,0,0,0,0,0,0,0,1
Nc1ccc(-c2ccccc2C(=O)O)cc1,0,0,0,0,0,0,0,0,0,0,0,0,1,0,0,1
COc1ccc2nc(NC(=O)C3CC3)sc2c1,0,1,0,0,0,0,0,0,0,0,0,0,0,0,0,1
CNC(C)C(O)c1ccccc1,0,1,0,0,0,0,0,0,0,0,0,0,0,0,0,1
Nc1ccccc1OCc1ccccc1,0,1,0,0,0,0,0,0,0,0,0,0,0,0,0,1
COC(=O)c1ccccc1Oc1ccc(N)cc1,0,1,0,0,0,0,0,0,0,0,0,0,0,0,0,1
O=C(Cc1ccc(Cl)cc1)Nc1ncccn1,0,1,0,0,0,0,0,0,0,0,0,0,0,0,0,1
CC(C)(C)c1ccc(C(=O)Nc2ccon2)cc1,0,1,0,0,0,0,0,0,0,0,0,0,0,0,0,1
CC1CCN(C(=O)c2cc3ccccc3o2)CC1,0,1,0,0,0,0,0,0,0,0,0,0,0,0,0,1
Cc1ccc(CC(=O)Nc2nccs2)cc1,0,0,0,0,0,0,0,0,0,0,0,0,0,0,1,1
CCC(C)NC(=O)c1cc(-c2ccccc2)on1,0,0,0,0,0,0,0,0,0,0,0,0,0,0,1,1
Oc1ccccc1CNc1nc2ccccc2[nH]1,0,1,0,0,0,0,0,0,0,0,0,0,0,0,0,1
COc1ccc(CNC(=O)c2cnccn2)cc1,0,1,0,0,0,0,0,0,0,0,0,0,0,0,0,1
Cc1ccc(CNC(=O)c2sccc2C)cc1,0,0,0,0,0,0,0,0,0,0,0,0,0,0,1,1
CCOc1ccc(C(=O)Nc2ccccc2)cc1,0,1,0,0,0,0,0,0,0,0,0,0,0,0,0,1
O=C(NCc1ccc(F)cc1)Nc1ccccc1,0,1,0,0,0,0,0,0,0,0,0,0,0,0,0,1
NC(=O)c1ccccc1Nc1ccc(Cl)cc1,0,0,0,0,0,0,0,0,1,0,0,0,0,0,0,1
COC(=O)c1cc(-c2ccc(N(C)C)cc2)no1,0,1,0,0,0,0,0,0,0,0,0,0,0,0,0,1
COc1cccc(Nc2ncnc3[nH]cnc23)c1,0,1,0,0,0,0,0,0,0,0,0,0,0,0,0,1
CCOC(=O)c1cc(-c2ccc(F)cc2)no1,0,1,0,0,0,0,0,0,0,0,0,0,0,0,0,1
C(#Cc1ccc(-c2ccn[nH]2)cc1)c1ccccc1,0,0,0,0,0,0,0,0,0,0,0,0,0,1,0,1
CN(CCc1ccccn1)C(=O)c1ccccc1,0,0,0,0,0,0,0,1,0,0,0,0,0,0,0,1
COc1ccc2cc(-c3cc[nH]n3)ccc2c1,0,1,0,0,0,0,0,0,0,0,0,0,0,0,0,1
NC(=O)c1ccc(OCc2ccccc2)cc1,0,1,0,0,0,0,0,0,0,0,0,0,0,0,0,1
Cc1cc(NC(=O)c2ccc3nonc3c2)no1,0,0,0,0,0,0,0,0,0,0,0,0,0,0,1,1
CCCc1cc(=O)oc2cc(OC(C)=O)ccc12,0,1,0,0,0,0,0,0,0,0,0,0,0,0,0,1
Cc1ccc(CC(=O)NCC2CCCO2)cc1,0,1,0,0,0,0,0,0,0,0,0,0,0,0,0,1
COc1ccc(Nc2ncnc3[nH]cnc23)cc1,0,1,0,0,0,0,0,0,0,0,0,0,0,0,0,1
CCc1ccccc1NC(=O)c1snnc1C,0,1,0,0,0,0,0,0,0,0,0,0,0,0,0,1
NC(=O)c1ccccc1Nc1cccc(Cl)c1,0,0,0,0,0,0,0,0,1,0,0,0,0,0,0,1
Nc1ccc(NCc2cccnc2)c(C(=O)O)c1,0,0,0,0,0,0,0,0,0,1,0,0,0,0,0,1
COC(=O)c1cccc2c1-c1ccccc1C2=O,0,1,0,0,0,0,0,0,0,0,0,0,0,0,0,1
c1csc(-c2ccc(-c3ccn[nH]3)s2)c1,0,0,0,0,0,0,0,1,0,0,0,0,0,0,0,1
Nc1ccccc1Nc1ccccn1,0,0,0,0,0,0,0,1,0,0,0,0,0,0,0,1
CCC(=O)OCc1cc2cc(C)ccc2[nH]c1=O,0,0,0,0,0,0,0,1,0,0,0,0,0,0,0,1
CCOC(=O)Nc1ccc2ncn(C)c(=O)c2c1,0,0,0,0,0,0,0,0,0,0,0,0,0,0,1,1
COC(=O)c1ccc(-c2ccccn2)s1,0,0,0,0,0,0,0,1,0,0,0,0,0,0,0,1
O=C(O)c1ccc(OCc2ccccc2)cc1,0,1,0,0,0,0,0,0,0,0,0,0,0,0,0,1
NNC(=O)c1ccc(OCc2ccccc2)cc1,0,1,0,0,0,0,0,0,0,0,0,0,0,0,0,1
CC1CCN(Cc2c[nH]c3ccccc23)CC1,0,0,0,0,0,0,0,0,0,0,0,0,0,0,1,1
Cc1cccc(Nc2ncnc3c2cnn3C)c1,0,1,0,0,0,0,0,0,0,0,0,0,0,0,0,1
Cc1cc(C)nc(Nc2ccc(N)cc2)n1,0,0,0,0,0,0,0,1,0,0,0,0,0,0,0,1
CCOC(=O)c1cc(-c2ccc(C)cc2)no1,0,1,0,0,0,0,0,0,0,0,0,0,0,0,0,1
Nc1cc(Cl)ccc1Nc1ccncc1,0,1,0,0,0,0,0,0,0,0,0,0,0,0,0,1
Nc1cccc(OCc2ccccc2)c1,0,1,0,0,0,0,0,0,0,0,0,0,0,0,0,1
CN(Cc1ccccc1)Cc1ccccc1,0,1,0,0,0,0,0,0,0,0,0,0,0,0,0,1
Nc1ncncc1-c1ccc(Cl)cc1,0,1,0,0,0,0,0,0,0,0,0,0,0,0,0,1
Cc1n[nH]c(=O)nc1Nc1cccc(O)c1,0,0,0,0,0,0,0,0,0,0,1,0,0,0,0,1
CCOc1ccc(CN2CCSCC2)cc1,0,0,0,0,0,0,0,0,0,0,0,0,0,0,1,1
CCc1noc(C)c1C(=O)Nc1cc(C)on1,0,1,0,0,0,0,0,0,0,0,0,0,0,0,0,1
COc1ccc(CCc2nc(C)ccc2O)cc1,0,0,0,0,0,0,0,1,0,0,0,0,0,0,0,1
CN1CCN(C(=O)c2ccc(F)c(F)c2)CC1,0,0,0,0,0,0,0,1,0,0,0,0,0,0,0,1
CCOC(=O)C1CCN(c2ccc(N)cc2)CC1,0,0,0,0,0,0,0,0,1,0,0,0,0,0,0,1
CC1CCC(NCc2ccc3c(c2)OCO3)C1,0,0,0,0,0,0,0,0,0,0,0,0,0,0,1,1
COc1ccc(-c2cc(CNC(C)=O)on2)cc1,0,1,0,0,0,0,0,0,0,0,0,0,0,0,0,1
CC(=O)Nc1ccc2[nH]c(=O)[nH]c2c1,0,0,0,0,0,0,0,0,0,0,0,0,0,0,1,1
CCC(=O)Nc1c(C(N)=O)oc2ccccc12,0,1,0,0,0,0,0,0,0,0,0,0,0,0,0,1
COc1ccc(CNC(=O)c2csnn2)cc1,0,0,0,0,0,0,0,0,0,0,0,0,0,0,1,1
CCc1ccc(C(=O)NCc2cnn(C)c2)s1,0,1,0,0,0,0,0,0,0,0,0,0,0,0,0,1
COC(=O)NCc1cc2cc(Cl)ccc2[nH]1,0,0,0,0,0,0,0,0,0,0,0,0,0,0,1,1
CNC(=O)c1c(-c2ccc(F)cc2)noc1C,0,1,0,0,0,0,0,0,0,0,0,0,0,0,0,1
O=C(NO)c1ccc2ccccc2n1,0,0,0,0,0,0,0,0,0,0,0,0,0,0,1,1
CC(C)C(=O)Nc1nnc(C2CCCO2)s1,0,1,0,0,0,0,0,0,0,0,0,0,0,0,0,1
O=C(Nc1ccc2nonc2c1)N1CCOCC1,0,0,0,0,0,0,0,0,0,0,0,0,0,0,1,1
COC(=O)c1c(C)[nH]c(C)c1-c1cc[nH]n1,0,0,0,0,0,0,0,0,0,0,0,0,0,0,1,1
CCn1cc(C(=O)NCc2ccc(F)cc2)cn1,0,1,0,0,0,0,0,0,0,0,0,0,0,0,0,1
CCCn1nnnc1NC(=O)c1cccs1,0,0,0,0,0,0,0,1,0,0,0,0,0,0,0,1
COC(=O)c1ccc(CN2CCCCC2C)cc1,0,1,0,0,0,0,0,0,0,0,0,0,0,0,0,1
COc1ccc(N2CC(C(N)=O)CC2=O)cc1,0,0,0,0,0,0,0,0,1,0,0,0,0,0,0,1
CC(=O)c1ccc(N2CCC(C(N)=O)CC2)cc1,0,1,0,0,0,0,0,0,0,0,0,0,0,0,0,1
Cn1nccc1C(=O)NCc1cccs1,0,0,0,0,0,0,0,1,0,0,0,0,0,0,0,1
Fc1cccc(CN2CCOCC2)c1,0,0,0,0,0,0,0,1,0,0,0,0,0,0,0,1
c1cc(-c2ccc3c(c2)OCO3)n[nH]1,0,1,0,0,0,0,0,0,0,0,0,0,0,0,0,1
COc1cc(CNC2CCCCC2)ccc1O,0,0,0,0,0,0,0,0,0,0,0,0,0,0,1,1
CCNC(=O)Oc1ccc(-c2csnn2)cc1,0,0,0,0,0,0,0,0,0,0,0,0,0,0,1,1
COC(=O)N1CCN(c2ccc(F)cc2)CC1,0,0,0,0,0,0,0,0,1,0,0,0,0,0,0,1
C#Cc1ccc(OCc2ccccc2)cc1,0,1,0,0,0,0,0,0,0,0,0,0,0,0,0,1
O=C(NC1C=CS(=O)(=O)C1)c1ccccc1,0,0,0,0,0,0,0,0,0,0,0,0,0,0,1,1
O=C(NCCc1cccs1)C1CCCCC1,0,0,0,0,0,0,0,1,0,0,0,0,0,0,0,1
Cc1ccc(CNCc2ccncc2)cc1,0,1,0,0,0,0,0,0,0,0,0,0,0,0,0,1
CC1(C)CC(C(=O)NCc2ccccc2)CCO1,0,0,0,0,0,0,0,0,0,0,0,0,0,0,1,1
CCOc1ccc(CC(=O)O)cc1,0,0,0,0,0,0,0,0,1,0,0,0,0,0,0,1
CC(C)Oc1ccc(-c2csc(N)n2)cc1,0,1,0,0,0,0,0,0,0,0,0,0,0,0,0,1
COC(=O)c1ccc(NC(=O)C(F)(F)F)cc1,0,0,0,0,0,0,0,1,0,0,0,0,0,0,0,1
CC(C)COc1ccc(-c2csc(N)n2)cc1,0,1,0,0,0,0,0,0,0,0,0,0,0,0,0,1
Cc1ccc(CN2CCS(=O)(=O)CC2)cc1,0,1,0,0,0,0,0,0,0,0,0,0,0,0,0,1
CC(=O)Nc1ccc(OCC(=O)O)cc1,0,0,0,0,0,0,0,0,1,0,0,0,0,0,0,1
Cn1nc(-c2cccs2)cc1N,0,0,0,0,0,0,0,1,0,0,0,0,0,0,0,1
CCc1nc(-c2ccc(Cl)cc2)no1,0,1,0,0,0,0,0,0,0,0,0,0,0,0,0,1
CCC(=O)Nc1ccc2[nH]c(=O)[nH]c2c1,0,0,0,0,0,0,0,0,0,0,0,0,0,0,1,1
OCc1cn(-c2ccc(Cl)cc2)nn1,0,0,0,0,0,0,0,1,0,0,0,0,0,0,0,1
CC(C)c1ccc(C(=O)NCC2CCCO2)cc1,0,1,0,0,0,0,0,0,0,0,0,0,0,0,0,1
O=C(NC1CCCCCC1)C1CCCO1,0,1,0,0,0,0,0,0,0,0,0,0,0,0,0,1
COc1ccccc1OC(=O)C1CCCC1,0,1,0,0,0,0,0,0,0,0,0,0,0,0,0,1
Cc1noc(C)c1C(=O)NCCC1=CCCCC1,0,1,0,0,0,0,0,0,0,0,0,0,0,0,0,1
COc1ccc2sc(N)nc2c1,0,0,0,0,0,0,0,0,0,0,0,0,0,0,1,1
CCOC(=O)c1cc2sccc2[nH]1,0,0,0,0,0,0,0,0,0,0,0,0,0,0,1,1
CCC(C)c1ccc(NC(C)=O)c(O)c1,0,0,0,0,0,0,0,0,0,1,0,0,0,0,0,1
c1ccn(-c2ccc(N3CCOCC3)cc2)c1,0,0,0,0,0,0,0,0,0,0,0,0,0,0,1,1
CC1CN(c2ccc(N)cc2C(=O)O)CC(C)O1,0,1,0,0,0,0,0,0,0,0,0,0,0,0,0,1
Nc1nonc1N1CCCCC1,0,1,0,0,0,0,0,0,0,0,0,0,0,0,0,1
COC(=O)CNC(=O)c1cc(C)on1,0,1,0,0,0,0,0,0,0,0,0,0,0,0,0,1
CC(C)N1CCN(C(=O)c2cccs2)CC1,0,0,0,0,0,0,0,1,0,0,0,0,0,0,0,1
OC1CCN(Cc2ccc(Cl)cc2)C1,0,0,0,0,0,0,0,0,0,0,1,0,0,0,0,1
Cn1ccc(C(=O)NCC2CCCO2)n1,0,1,0,0,0,0,0,0,0,0,0,0,0,0,0,1
COC(=O)NNc1cc(C(F)(F)F)ccn1,0,0,0,0,0,0,0,1,0,0,0,0,0,0,0,1
Cc1n[nH]c(C)c1CCOc1ccc(F)cc1,0,1,0,0,0,0,0,0,0,0,0,0,0,0,0,1
CCCC(=O)Nc1cccnc1Cl,0,1,0,0,0,0,0,0,0,0,0,0,0,0,0,1
CNCc1ccncc1,0,1,0,0,0,0,0,0,0,0,0,0,0,0,0,1
CC(=O)c1cccc(NC(=O)C(F)(F)F)c1,0,0,0,0,0,0,0,1,0,0,0,0,0,0,0,1
c1csc(CNCc2ccncc2)c1,0,1,0,0,0,0,0,0,0,0,0,0,0,0,0,1
FC(F)(F)c1ccc(CN2CCOCC2)cc1,0,0,0,0,0,0,0,1,0,0,0,0,0,0,0,1
Nc1ccccc1N1CCOCC1,0,0,0,0,0,0,0,1,0,0,0,0,0,0,0,1
Cn1nc(C(F)(F)F)c(-c2ccccc2)c1N,0,0,0,0,0,0,0,1,0,0,0,0,0,0,0,1
CC(C)c1nnc(NCC(C)(C)C)s1,0,0,0,0,0,0,0,1,0,0,0,0,0,0,0,1
O=S1(=O)CC(O)C(NCc2cccnc2)C1,0,1,0,0,0,0,0,0,0,0,0,0,0,0,0,1
Nc1cc(C(F)(F)F)ccc1N1CCCCC1,0,0,0,0,0,0,0,1,0,0,0,0,0,0,0,1
CCN(CCO)c1ccc(N)c(C)c1,0,0,0,0,0,0,0,0,0,1,0,0,0,0,0,1
CCC(C#CCN1CCCCC1)OC(C)=O,0,1,0,0,0,0,0,0,0,0,0,0,0,0,0,1
N#CCC(=O)Nc1ccc(OC(F)(F)F)cc1,0,0,0,0,0,0,0,1,0,0,0,0,0,0,0,1
COc1ccc(C#CC(=O)O)cc1,0,1,0,0,0,0,0,0,0,0,0,0,0,0,0,1
O=C(O)c1ccccc1OC(F)(F)F,0,0,0,0,0,0,0,1,0,0,0,0,0,0,0,1
CN(C)C(=O)Nc1cnccc1C(F)(F)F,0,0,0,0,0,0,0,1,0,0,0,0,0,0,0,1
CN(C)c1ccc(CNn2cnnc2)cc1,0,1,0,0,0,0,0,0,0,0,0,0,0,0,0,1
O=C1CN(C(=O)C2CCCC2)CCN1,0,1,0,0,0,0,0,0,0,0,0,0,0,0,0,1
CCC(CC)C(=O)Nc1nccs1,0,0,0,0,0,0,0,0,0,0,0,0,0,0,1,1
NOC(=O)c1cncc(Br)c1,0,0,0,0,0,0,0,1,0,0,0,0,0,0,0,1
C1CCN(CC2COC3(CCCCC3)O2)CC1,0,1,0,0,0,0,0,0,0,0,0,0,0,0,0,1
COC(=O)C#Cc1ccc(Cl)cc1,0,0,0,0,0,0,0,0,0,0,0,0,0,0,1,1
COc1ccc(Cl)cc1,0,1,0,0,0,0,0,0,0,0,0,0,0,0,0,1
CC(C)(C)NC(=O)Cn1ccc(C(F)(F)F)n1,0,0,0,0,0,0,0,1,0,0,0,0,0,0,0,1
CCC1CCC(N2CCOCC2)CC1,0,1,0,0,0,0,0,0,0,0,0,0,0,0,0,1
CN(N)c1ccc(C(F)(F)F)cn1,0,0,0,0,0,0,0,1,0,0,0,0,0,0,0,1
CNCc1ccc(C(F)(F)F)cc1,0,1,0,0,0,0,0,0,0,0,0,0,0,0,0,1
COCc1nnc(N)s1,0,0,0,0,0,0,0,1,0,0,0,0,0,0,0,1
CCc1nnc(NC(=O)C(F)(F)F)s1,0,0,0,0,0,0,0,1,0,0,0,0,0,0,0,1
c1c[nH]c(-c2ncc[nH]2)n1,0,1,0,0,0,0,0,0,0,0,0,0,0,0,0,1
CC(C)C(=O)Nc1nnn(C)n1,0,1,0,0,0,0,0,0,0,0,0,0,0,0,0,1
CCOC(=O)c1cn[nH]c1,0,1,0,0,0,0,0,0,0,0,0,0,0,0,0,1
CCn1nccc1CNC,0,1,0,0,0,0,0,0,0,0,0,0,0,0,0,1
CCn1ccc(CNC)n1,0,1,0,0,0,0,0,0,0,0,0,0,0,0,0,1
O=C(NO)c1csnn1,0,1,0,0,0,0,0,0,0,0,0,0,0,0,0,1
OCCN1CCOCC1,0,1,0,0,0,0,0,0,0,0,0,0,0,0,0,1
CN1CCS(=O)(=O)CC1,0,1,0,0,0,0,0,0,0,0,0,0,0,0,0,1
CN1C(=S)SC(NO)C1(C)C,0,1,0,0,0,0,0,0,0,0,0,0,0,0,0,1
O=C(Nc1ccc2ncccc2c1)c1ccccc1,0,0,0,0,0,0,0,0,0,0,0,0,0,0,0,0
O=C(Nc1ccccn1)c1cnccn1,0,0,0,0,0,0,0,0,0,0,0,0,0,0,0,0
CC(C)(C)NC(=O)N1CCC(C(N)=O)CC1,0,0,0,0,0,0,0,0,0,0,0,0,0,0,0,0
Nc1ccccc1Nc1nc2ccccc2[nH]1,0,0,0,0,0,0,0,0,0,0,0,0,0,0,0,0
Cc1cccc(NC(=O)Nc2nc(C)cs2)c1,0,0,0,0,0,0,0,0,0,0,0,0,0,0,0,0
NC(=O)c1ccc(NC(=O)c2cnccn2)cc1,0,0,0,0,0,0,0,0,0,0,0,0,0,0,0,0
O=C(Nc1ccc(Cl)cc1)Nc1cnccn1,0,0,0,0,0,0,0,0,0,0,0,0,0,0,0,0
Cc1ccc(OCC(=O)Nc2cc(C)on2)cc1,0,0,0,0,0,0,0,0,0,0,0,0,0,0,0,0
Cc1cc(C)nc(NC(=O)Nc2ccccc2)c1,0,0,0,0,0,0,0,0,0,0,0,0,0,0,0,0
CCc1ccc(NC(=O)c2cnccn2)cc1,0,0,0,0,0,0,0,0,0,0,0,0,0,0,0,0
COc1ccc(NC(=O)Nc2ccncc2)cc1,0,0,0,0,0,0,0,0,0,0,0,0,0,0,0,0
COC(=O)C1CCN(C(=O)NC(C)(C)C)CC1,0,0,0,0,0,0,0,0,0,0,0,0,0,0,0,0
CC(=O)c1ccc(NC(=O)CN2CCCC2)cc1,0,0,0,0,0,0,0,0,0,0,0,0,0,0,0,0
CCN1CCN(C(=O)NC2CCCCC2)CC1,0,0,0,0,0,0,0,0,0,0,0,0,0,0,0,0
Cc1ccc(-c2cnc3ccccc3n2)cc1N,0,0,0,0,0,0,0,0,0,0,0,0,0,0,0,0
COc1cccc(C(=O)Nc2ccccc2F)c1,0,0,0,0,0,0,0,0,0,0,0,0,0,0,0,0
O=C(NCCN1CCCC1=O)Nc1ccccc1,0,0,0,0,0,0,0,0,0,0,0,0,0,0,0,0
Cc1[nH]cnc1CN1CCc2ccccc2C1,0,0,0,0,0,0,0,0,0,0,0,0,0,0,0,0
O=C(Nc1nccs1)C1CC1c1ccccc1,0,0,0,0,0,0,0,0,0,0,0,0,0,0,0,0
O=C(NCCc1ccncc1)c1ccccc1F,0,0,0,0,0,0,0,0,0,0,0,0,0,0,0,0
O=C(NCc1ccc2c(c1)OCO2)C1CCCO1,0,0,0,0,0,0,0,0,0,0,0,0,0,0,0,0
CC(C)(C)NC(=O)c1ccc2snnc2c1,0,0,0,0,0,0,0,0,0,0,0,0,0,0,0,0
CC(C)c1ccc(C(=O)Nc2nncs2)cc1,0,0,0,0,0,0,0,0,0,0,0,0,0,0,0,0
Cc1ccccc1OCC(=O)Nc1ccccc1,0,0,0,0,0,0,0,0,0,0,0,0,0,0,0,0
Cc1ccc(CNC(=O)c2ccc(C)cc2)cc1,0,0,0,0,0,0,0,0,0,0,0,0,0,0,0,0
Nc1nccc(-c2ccc(Cl)cc2)n1,0,0,0,0,0,0,0,0,0,0,0,0,0,0,0,0
CC(=O)Nc1ccc(NC(=O)CC(C)C)cc1,0,0,0,0,0,0,0,0,0,0,0,0,0,0,0,0
CN1CCN(C(=O)Nc2ccccc2)CC1,0,0,0,0,0,0,0,0,0,0,0,0,0,0,0,0
Cc1cc(-c2noc(-c3ccccc3)n2)no1,0,0,0,0,0,0,0,0,0,0,0,0,0,0,0,0
O=C(Cc1ccc(F)cc1)NC1CCCCC1,0,0,0,0,0,0,0,0,0,0,0,0,0,0,0,0
O=C(NCc1ccccc1)c1cccc(F)c1,0,0,0,0,0,0,0,0,0,0,0,0,0,0,0,0
O=C(c1ccc2c(c1)OCO2)N1CCCCCC1,0,0,0,0,0,0,0,0,0,0,0,0,0,0,0,0
COC(=O)c1ccc(NC(=O)C2CCCC2)cc1,0,0,0,0,0,0,0,0,0,0,0,0,0,0,0,0
Cc1cc(NC(=O)CSc2ccccc2)no1,0,0,0,0,0,0,0,0,0,0,0,0,0,0,0,0
COc1ccc(C(=O)Nc2ccccc2F)cc1,0,0,0,0,0,0,0,0,0,0,0,0,0,0,0,0
Cn1[nH]c(=O)cc1Nc1ccccc1,0,0,0,0,0,0,0,0,0,0,0,0,0,0,0,0
CC(C)c1ccc(C(=O)Nc2ccccn2)cc1,0,0,0,0,0,0,0,0,0,0,0,0,0,0,0,0
COc1ccc2cccc(CCNC(C)=O)c2c1,0,0,0,0,0,0,0,0,0,0,0,0,0,0,0,0
CC(C)NC(=O)c1ccc2ccccc2n1,0,0,0,0,0,0,0,0,0,0,0,0,0,0,0,0
NC(=O)c1ccccc1NC(=O)c1ccncc1,0,0,0,0,0,0,0,0,0,0,0,0,0,0,0,0
O=C(NOCc1ccccc1)Nc1ccccc1,0,0,0,0,0,0,0,0,0,0,0,0,0,0,0,0
O=C(Nc1ccccc1)Nc1cccnc1,0,0,0,0,0,0,0,0,0,0,0,0,0,0,0,0
CN(C)c1ccc(C(=O)Nc2ccncc2)cc1,0,0,0,0,0,0,0,0,0,0,0,0,0,0,0,0
Cn1c(CNC2CCCCC2)nc2ccccc21,0,0,0,0,0,0,0,0,0,0,0,0,0,0,0,0
c1ccc(CCNc2nc3ccccc3[nH]2)cc1,0,0,0,0,0,0,0,0,0,0,0,0,0,0,0,0
CC(=O)N1CCN(CCCc2ccccc2)CC1,0,0,0,0,0,0,0,0,0,0,0,0,0,0,0,0
COCc1nnc(NC(=O)c2ccccc2)s1,0,0,0,0,0,0,0,0,0,0,0,0,0,0,0,0
O=C(NCCC1=CCCCC1)c1cnccn1,0,0,0,0,0,0,0,0,0,0,0,0,0,0,0,0
CN(C)c1ccncc1,0,0,0,0,0,0,0,0,0,0,0,0,0,0,0,0
CCn1cc(CNC(=O)c2cccnc2)cn1,0,0,0,0,0,0,0,0,0,0,0,0,0,0,0,0
Cc1ccc(-c2noc(CNC(C)C)n2)cc1,0,0,0,0,0,0,0,0,0,0,0,0,0,0,0,0
Cc1ccc(C(=O)Nc2nc[nH]n2)cc1C,0,0,0,0,0,0,0,0,0,0,0,0,0,0,0,0
O=C(Nc1ccc(F)cc1F)Nn1cnnc1,0,0,0,0,0,0,0,0,0,0,0,0,0,0,0,0
NC(=O)C1CCN(C(=O)Nc2ccccc2)CC1,0,0,0,0,0,0,0,0,0,0,0,0,0,0,0,0
c1csc(-c2nc(N3CCCCC3)no2)c1,0,0,0,0,0,0,0,0,0,0,0,0,0,0,0,0
O=C(COc1ccccc1)N1CCCC1,0,0,0,0,0,0,0,0,0,0,0,0,0,0,0,0
CCc1ccc(OCC(=O)N2CCCCC2)cc1,0,0,0,0,0,0,0,0,0,0,0,0,0,0,0,0
Cc1cccc(NC(=O)CN2CCOCC2)c1C,0,0,0,0,0,0,0,0,0,0,0,0,0,0,0,0
O=C(Cc1ccc(F)cc1)Nc1ccc(F)cc1,0,0,0,0,0,0,0,0,0,0,0,0,0,0,0,0
COc1ccc(CC(=O)Nc2nncs2)cc1,0,0,0,0,0,0,0,0,0,0,0,0,0,0,0,0
NNC(=O)c1ccccc1OCc1ccccc1,0,0,0,0,0,0,0,0,0,0,0,0,0,0,0,0
O=C(NCCc1ccncc1)NC1CCCCC1,0,0,0,0,0,0,0,0,0,0,0,0,0,0,0,0
CCC(C(=O)Nc1ccon1)c1ccccc1,0,0,0,0,0,0,0,0,0,0,0,0,0,0,0,0
COC(=O)Nc1cc(C)n(-c2ccccc2)n1,0,0,0,0,0,0,0,0,0,0,0,0,0,0,0,0
Cc1ccccc1OCC(=O)Nc1cccnc1,0,0,0,0,0,0,0,0,0,0,0,0,0,0,0,0
CC(=O)Nc1ccc(OC(=O)N2CCCC2)cc1,0,0,0,0,0,0,0,0,0,0,0,0,0,0,0,0
Cc1cc(NC(=O)c2ccc(N(C)C)cc2)no1,0,0,0,0,0,0,0,0,0,0,0,0,0,0,0,0
O=C(COc1ccccc1)Nc1ccccc1O,0,0,0,0,0,0,0,0,0,0,0,0,0,0,0,0
Cc1ccc(OCC(=O)N2CCOCC2)c(C)c1,0,0,0,0,0,0,0,0,0,0,0,0,0,0,0,0
COCC(=O)Nc1nc(-c2ccccc2)cs1,0,0,0,0,0,0,0,0,0,0,0,0,0,0,0,0
Cc1c(Cl)cccc1NC(=O)C1CCCO1,0,0,0,0,0,0,0,0,0,0,0,0,0,0,0,0
Cc1ccccc1OCC(=O)Nc1ncccn1,0,0,0,0,0,0,0,0,0,0,0,0,0,0,0,0
O=C(COc1ccccc1)Nc1cccc(F)c1,0,0,0,0,0,0,0,0,0,0,0,0,0,0,0,0
CNC(=O)Nc1cccc(-c2ccnc(C)n2)c1,0,0,0,0,0,0,0,0,0,0,0,0,0,0,0,0
COC(=O)c1ccccc1NC(=O)N1CCCC1,0,0,0,0,0,0,0,0,0,0,0,0,0,0,0,0
O=C(Nc1nc2ccccc2[nH]1)C1CCCCC1,0,0,0,0,0,0,0,0,0,0,0,0,0,0,0,0
CCC(C(=O)Nc1cnccn1)c1ccccc1,0,0,0,0,0,0,0,0,0,0,0,0,0,0,0,0
CC(=O)Nc1ccccc1OCc1ccccc1,0,0,0,0,0,0,0,0,0,0,0,0,0,0,0,0
CC(=O)Nc1ccc(-c2csc(N)n2)cc1,0,0,0,0,0,0,0,0,0,0,0,0,0,0,0,0
O=c1[nH]cc(NCCc2ccccc2)c(=O)[nH]1,0,0,0,0,0,0,0,0,0,0,0,0,0,0,0,0
O=C(NCCc1ccccc1)NC1CCCCC1,0,0,0,0,0,0,0,0,0,0,0,0,0,0,0,0
O=C(CSc1ccccc1)NC1CCCCC1,0,0,0,0,0,0,0,0,0,0,0,0,0,0,0,0
Cc1n[nH]c(=O)nc1Nc1ccc(C(C)C)cc1,0,0,0,0,0,0,0,0,0,0,0,0,0,0,0,0
O=C(Nc1nc[nH]n1)c1cccnc1Cl,0,0,0,0,0,0,0,0,0,0,0,0,0,0,0,0
NC(=O)c1ccc(NC(=O)c2ccccc2)cc1,0,0,0,0,0,0,0,0,0,0,0,0,0,0,0,0
Cc1ccc(-c2nc(N)sc2C)cc1C,0,0,0,0,0,0,0,0,0,0,0,0,0,0,0,0
Cn1ncc(NC(=O)c2ccccc2)c1C(N)=O,0,0,0,0,0,0,0,0,0,0,0,0,0,0,0,0
O=C(Nc1csc2ccccc12)NC1CC1,0,0,0,0,0,0,0,0,0,0,0,0,0,0,0,0
CCOc1ccc(C(=O)Nc2cc(C)on2)cc1,0,0,0,0,0,0,0,0,0,0,0,0,0,0,0,0
CC(C)(C)C(=O)NCCc1nc2ccccc2[nH]1,0,0,0,0,0,0,0,0,0,0,0,0,0,0,0,0
COc1ccccc1Nc1nnc(C)c(=O)n1N,0,0,0,0,0,0,0,0,0,0,0,0,0,0,0,0
Cn1ccc(C(=O)Nc2cccc(C(=O)O)c2)n1,0,0,0,0,0,0,0,0,0,0,0,0,0,0,0,0
c1ccc(-c2ccc(-n3cnnn3)cc2)cc1,0,0,0,0,0,0,0,0,0,0,0,0,0,0,0,0
c1cnc(Oc2ccc(-c3cc[nH]n3)cc2)nc1,0,0,0,0,0,0,0,0,0,0,0,0,0,0,0,0
CC(C)CNC(=O)c1ccc2ccccc2c1,0,0,0,0,0,0,0,0,0,0,0,0,0,0,0,0
COC(=O)Nc1nc2c(C)cccc2s1,0,0,0,0,0,0,0,0,0,0,0,0,0,0,0,0
Cc1cccc(CN2CCOCC2)c1,0,0,0,0,0,0,0,0,0,0,0,0,0,0,0,0
CNC(=O)Nc1nc2ccc(OC)cc2s1,0,0,0,0,0,0,0,0,0,0,0,0,0,0,0,0
O=C(CN1CCCC1)Nc1cccc(Cl)c1,0,0,0,0,0,0,0,0,0,0,0,0,0,0,0,0
COc1ccc(C)cc1NC(=O)Nn1cnnc1,0,0,0,0,0,0,0,0,0,0,0,0,0,0,0,0
Cc1ccc(C(=O)OC2CN3CCC2CC3)cc1,0,0,0,0,0,0,0,0,0,0,0,0,0,0,0,0
NC(=O)C1CCN(CCc2ccccc2)CC1,0,0,0,0,0,0,0,0,0,0,0,0,0,0,0,0
NC(=O)c1ccc(NC(=O)C2CCCC2)cc1,0,0,0,0,0,0,0,0,0,0,0,0,0,0,0,0
CC1CCN(C(=O)CCCc2ccccc2)CC1,0,0,0,0,0,0,0,0,0,0,0,0,0,0,0,0
O=C(Nc1ccon1)c1cccc(Cl)c1,0,0,0,0,0,0,0,0,0,0,0,0,0,0,0,0
COc1cc(-c2ccccc2)nc(N)n1,0,0,0,0,0,0,0,0,0,0,0,0,0,0,0,0
O=C(COc1ccccc1)NC1CCCCC1,0,0,0,0,0,0,0,0,0,0,0,0,0,0,0,0
CCC(=O)Nc1nnc(-c2ccncc2)s1,0,0,0,0,0,0,0,0,0,0,0,0,0,0,0,0
O=C(OCc1ccccc1)N1CCC(O)CC1,0,0,0,0,0,0,0,0,0,0,0,0,0,0,0,0
COC(=O)Nc1ccc(Br)cc1,0,0,0,0,0,0,0,0,0,0,0,0,0,0,0,0
Cc1ccc(Nc2ncnc3[nH]ncc23)cc1,0,0,0,0,0,0,0,0,0,0,0,0,0,0,0,0
O=C(O)c1ccc(Nc2cn[nH]c(=O)n2)cc1,0,0,0,0,0,0,0,0,0,0,0,0,0,0,0,0
CC(=O)Nc1ccc2nsnc2c1,0,0,0,0,0,0,0,0,0,0,0,0,0,0,0,0
NC(=O)c1nc(-c2ccccc2)cnc1N,0,0,0,0,0,0,0,0,0,0,0,0,0,0,0,0
Nc1cc(C(=O)O)ccc1NCc1cccnc1,0,0,0,0,0,0,0,0,0,0,0,0,0,0,0,0
CCOC(=O)c1sc(-c2cnccn2)nc1C,0,0,0,0,0,0,0,0,0,0,0,0,0,0,0,0
O=C(Nc1ccc(O)cc1)N1CCOCC1,0,0,0,0,0,0,0,0,0,0,0,0,0,0,0,0
O=C(CCCc1ccccc1)N1CCOCC1,0,0,0,0,0,0,0,0,0,0,0,0,0,0,0,0
c1ccc2sc(N3CCOCC3)nc2c1,0,0,0,0,0,0,0,0,0,0,0,0,0,0,0,0
N#Cc1cnc(-c2cnccn2)nc1N,0,0,0,0,0,0,0,0,0,0,0,0,0,0,0,0
CC(=O)c1cccc(NC(=O)N2CCOCC2)c1,0,0,0,0,0,0,0,0,0,0,0,0,0,0,0,0
Nc1ccc(S(=O)(=O)Nc2ccccc2)cc1,0,0,0,0,0,0,0,0,0,0,0,0,0,0,0,0
CC(=O)Nc1ccc(C(=O)Nn2cnnc2)cc1,0,0,0,0,0,0,0,0,0,0,0,0,0,0,0,0
NC(=O)C1CCN(CC(O)c2ccccc2)CC1,0,0,0,0,0,0,0,0,0,0,0,0,0,0,0,0
Cc1n[nH]c(=O)nc1Nc1ccc(N(C)C)cc1,0,0,0,0,0,0,0,0,0,0,0,0,0,0,0,0
Cc1ccc(OCC(=O)N2CCN(C)CC2)cc1,0,0,0,0,0,0,0,0,0,0,0,0,0,0,0,0
CCC(C)NC(=O)c1ccc(NC(C)=O)cc1,0,0,0,0,0,0,0,0,0,0,0,0,0,0,0,0
CC(C)(CO)NC(=O)Nc1ccc(Cl)cc1,0,0,0,0,0,0,0,0,0,0,0,0,0,0,0,0
COc1cc(N2CCOCC2)ccc1N,0,0,0,0,0,0,0,0,0,0,0,0,0,0,0,0
O=C(CC1CCCCC1)Nc1cccnc1,0,0,0,0,0,0,0,0,0,0,0,0,0,0,0,0
CCCC(=O)NCc1nc2ccccc2[nH]1,0,0,0,0,0,0,0,0,0,0,0,0,0,0,0,0
CNC(=O)C1CC(=O)N(c2ccc(OC)cc2)C1,0,0,0,0,0,0,0,0,0,0,0,0,0,0,0,0
Cc1nc(-c2ccccc2)no1,0,0,0,0,0,0,0,0,0,0,0,0,0,0,0,0
c1cn(-c2ccc(-c3ccn[nH]3)cc2)cn1,0,0,0,0,0,0,0,0,0,0,0,0,0,0,0,0
COc1cc(C)c(CN2CCC(O)C2)cc1C,0,0,0,0,0,0,0,0,0,0,0,0,0,0,0,0
CN1CCN(c2nc3ccccc3s2)CC1,0,0,0,0,0,0,0,0,0,0,0,0,0,0,0,0
CC(=O)Nc1ncc(Cc2cccc(C)c2)s1,0,0,0,0,0,0,0,0,0,0,0,0,0,0,0,0
CCC(=O)Nc1nnc(C2CCCCC2)s1,0,0,0,0,0,0,0,0,0,0,0,0,0,0,0,0
CCOc1cccc(C(=O)Nc2nnn(C)n2)c1,0,0,0,0,0,0,0,0,0,0,0,0,0,0,0,0
COc1ccc(C(=O)NCC(N)=O)cc1,0,0,0,0,0,0,0,0,0,0,0,0,0,0,0,0
CNC(=O)c1ccc2nc(NC(C)=O)sc2c1,0,0,0,0,0,0,0,0,0,0,0,0,0,0,0,0
COC(=O)Nc1ccc(Cc2ccncc2)cc1,0,0,0,0,0,0,0,0,0,0,0,0,0,0,0,0
CCCC(=O)Nc1nnc(SC)s1,0,0,0,0,0,0,0,0,0,0,0,0,0,0,0,0
Fc1ccc(CNCc2ccccc2)cc1,0,0,0,0,0,0,0,0,0,0,0,0,0,0,0,0
CCOc1ccc2nc(C)sc2c1,0,0,0,0,0,0,0,0,0,0,0,0,0,0,0,0
CC(=O)Nc1ccc(Oc2ncccn2)cc1,0,0,0,0,0,0,0,0,0,0,0,0,0,0,0,0
CCc1nnc(NC(=O)c2cnccn2)s1,0,0,0,0,0,0,0,0,0,0,0,0,0,0,0,0
CC(C)COc1ccc(C(=O)N2CCCC2)cc1,0,0,0,0,0,0,0,0,0,0,0,0,0,0,0,0
COC(=O)Nc1sc(C)nc1-c1ccccc1,0,0,0,0,0,0,0,0,0,0,0,0,0,0,0,0
COCC(=O)NCc1nc2ccccc2[nH]1,0,0,0,0,0,0,0,0,0,0,0,0,0,0,0,0
COc1ccccc1N1CCN(CC#N)CC1,0,0,0,0,0,0,0,0,0,0,0,0,0,0,0,0
CSc1nc(N(C)C)nc(N(C)C#N)n1,0,0,0,0,0,0,0,0,0,0,0,0,0,0,0,0
CN1CCN(C(=O)Nc2ccc(F)cc2)CC1,0,0,0,0,0,0,0,0,0,0,0,0,0,0,0,0
COC(=O)c1ccc(-c2ccc(N)cc2)cc1,0,0,0,0,0,0,0,0,0,0,0,0,0,0,0,0
NC(=O)c1ccccc1NC(=O)CN1CCCC1,0,0,0,0,0,0,0,0,0,0,0,0,0,0,0,0
CCOc1cccc(-c2nnc(N)s2)c1,0,0,0,0,0,0,0,0,0,0,0,0,0,0,0,0
O=C(c1c(F)cccc1F)N1CCCCCC1,0,0,0,0,0,0,0,0,0,0,0,0,0,0,0,0
O=C1CN(C(=O)COc2ccccc2)CCN1,0,0,0,0,0,0,0,0,0,0,0,0,0,0,0,0
c1ccc2[nH]c(CN3CCOCC3)nc2c1,0,0,0,0,0,0,0,0,0,0,0,0,0,0,0,0
O=C(OCc1ccccc1)N1CCCC1CO,0,0,0,0,0,0,0,0,0,0,0,0,0,0,0,0
Cc1ccc(C(=O)NC2CC3CCC2C3)cc1,0,0,0,0,0,0,0,0,0,0,0,0,0,0,0,0
CC(=O)N1CCN(c2ccc(Cl)cc2)CC1,0,0,0,0,0,0,0,0,0,0,0,0,0,0,0,0
O=C(c1ccc(Cl)cc1)N1CCSCC1,0,0,0,0,0,0,0,0,0,0,0,0,0,0,0,0
CCOc1ccc(CN2CCC(O)CC2)cc1,0,0,0,0,0,0,0,0,0,0,0,0,0,0,0,0
Cc1ccc2[nH]c3c(c2c1)CCCC3C#N,0,0,0,0,0,0,0,0,0,0,0,0,0,0,0,0
c1ccc(CN2CCC(n3cccc3)CC2)cc1,0,0,0,0,0,0,0,0,0,0,0,0,0,0,0,0
O=C(C1CC1)N1CCN(c2ccc(F)cc2)CC1,0,0,0,0,0,0,0,0,0,0,0,0,0,0,0,0
O=C(CN1CCCC1)Nc1ccc(F)cc1,0,0,0,0,0,0,0,0,0,0,0,0,0,0,0,0
COc1cccc(CN2CCC(C(N)=O)CC2)c1,0,0,0,0,0,0,0,0,0,0,0,0,0,0,0,0
NC(=O)c1ccc(NC(=O)C2CCCO2)cc1,0,0,0,0,0,0,0,0,0,0,0,0,0,0,0,0
COc1ccc(CNC(=O)C2CCCO2)cc1,0,0,0,0,0,0,0,0,0,0,0,0,0,0,0,0
CC(=O)Nc1ccc(CN2CCOCC2)cc1,0,0,0,0,0,0,0,0,0,0,0,0,0,0,0,0
CCSc1nnc(NC(=O)OC)s1,0,0,0,0,0,0,0,0,0,0,0,0,0,0,0,0
N#Cc1cccc(NC(=O)CCC2CCCC2)c1,0,0,0,0,0,0,0,0,0,0,0,0,0,0,0,0
CCc1ccc(-c2nc(N)sc2C)cc1,0,0,0,0,0,0,0,0,0,0,0,0,0,0,0,0
CC(C)CC(=O)NCc1ccc2c(c1)OCO2,0,0,0,0,0,0,0,0,0,0,0,0,0,0,0,0
CCOC(=O)c1sc(N(C)C(C)=O)nc1C,0,0,0,0,0,0,0,0,0,0,0,0,0,0,0,0
OC1CCN(CCc2ccccc2)CC1,0,0,0,0,0,0,0,0,0,0,0,0,0,0,0,0
O=C(CCc1ccccc1)NN1CCOCC1,0,0,0,0,0,0,0,0,0,0,0,0,0,0,0,0
CCOc1ccc(NC(=O)NC(C)(C)C)cc1,0,0,0,0,0,0,0,0,0,0,0,0,0,0,0,0
Cc1sc2ncnc(N(C)C)c2c1C,0,0,0,0,0,0,0,0,0,0,0,0,0,0,0,0
CC1CCC(N2CCN(c3ccccc3)CC2)C1,0,0,0,0,0,0,0,0,0,0,0,0,0,0,0,0
CCC(=O)Nc1ccc(S(N)(=O)=O)cc1,0,0,0,0,0,0,0,0,0,0,0,0,0,0,0,0
CC(C)(C)C1CCN(C(=O)c2ccccc2)CC1,0,0,0,0,0,0,0,0,0,0,0,0,0,0,0,0
CC(C)c1ccc(NC(=O)N2CCOCC2)cc1,0,0,0,0,0,0,0,0,0,0,0,0,0,0,0,0
CC1CCN(c2ccc(C(=O)O)cc2N)CC1,0,0,0,0,0,0,0,0,0,0,0,0,0,0,0,0
CC(=O)Nc1nnc(SCC(=O)O)s1,0,0,0,0,0,0,0,0,0,0,0,0,0,0,0,0
O=C(COc1ccc(F)cc1)N1CCCC1,0,0,0,0,0,0,0,0,0,0,0,0,0,0,0,0
CCC(CC)C(=O)Nc1ccccc1O,0,0,0,0,0,0,0,0,0,0,0,0,0,0,0,0
CCOc1ccc(C(=O)Nc2nnn(C)n2)cc1,0,0,0,0,0,0,0,0,0,0,0,0,0,0,0,0
O=C(CCC1CCCCC1)NN1CCOCC1,0,0,0,0,0,0,0,0,0,0,0,0,0,0,0,0
NC(=O)N1CCN(c2ccc(F)cc2)CC1,0,0,0,0,0,0,0,0,0,0,0,0,0,0,0,0
CC(C)c1ccc(CN2CCC(O)CC2)cc1,0,0,0,0,0,0,0,0,0,0,0,0,0,0,0,0
O=C(Nc1ccc(-n2cnnn2)cc1)C1CCC1,0,0,0,0,0,0,0,0,0,0,0,0,0,0,0,0
Cc1cccc(C(=O)N2CCC(C(N)=O)CC2)c1,0,0,0,0,0,0,0,0,0,0,0,0,0,0,0,0
CC(=O)Nc1ccc(N2CCN(C)CC2)cc1,0,0,0,0,0,0,0,0,0,0,0,0,0,0,0,0
Cc1cnc(NC(=O)CCC2CCCC2)s1,0,0,0,0,0,0,0,0,0,0,0,0,0,0,0,0
N#CCC(=O)N1CCC(Cc2ccccc2)CC1,0,0,0,0,0,0,0,0,0,0,0,0,0,0,0,0
c1ccc(SCCN2CCOCC2)cc1,0,0,0,0,0,0,0,0,0,0,0,0,0,0,0,0
Cc1ccc2[nH]c3c(c2c1)CCCC3N,0,0,0,0,0,0,0,0,0,0,0,0,0,0,0,0
Oc1ccc(CNC2CCCCC2)cc1,0,0,0,0,0,0,0,0,0,0,0,0,0,0,0,0
CC(C)(C)OC(=O)N1CCC(NC2CC2)CC1,0,0,0,0,0,0,0,0,0,0,0,0,0,0,0,0
O=C(NC1CCCCNC1=O)c1ccco1,0,0,0,0,0,0,0,0,0,0,0,0,0,0,0,0
O=C1CN(Cc2ccccc2)CC(=O)N1,0,0,0,0,0,0,0,0,0,0,0,0,0,0,0,0
CCc1ccc(C(=O)Nc2nnn(CC)n2)cc1,0,0,0,0,0,0,0,0,0,0,0,0,0,0,0,0
COCC(=O)Nc1ccccc1C(N)=O,0,0,0,0,0,0,0,0,0,0,0,0,0,0,0,0
CC(C)C(=O)N1CCC(Cc2ccccc2)CC1,0,0,0,0,0,0,0,0,0,0,0,0,0,0,0,0
O=C(Nc1ccc(Cl)cc1)Nn1cnnc1,0,0,0,0,0,0,0,0,0,0,0,0,0,0,0,0
CNC(=O)c1cc(Cl)ccn1,0,0,0,0,0,0,0,0,0,0,0,0,0,0,0,0
CCC(C)NC(=O)Nc1cccc(Cl)c1,0,0,0,0,0,0,0,0,0,0,0,0,0,0,0,0
Cc1nc2ccccn2c1C(=O)NCC(C)C,0,0,0,0,0,0,0,0,0,0,0,0,0,0,0,0
COC(=O)Nc1cccc(NC(=O)OC)c1,0,0,0,0,0,0,0,0,0,0,0,0,0,0,0,0
COc1ccc(CCC2(C)NC(=O)NC2=O)cc1,0,0,0,0,0,0,0,0,0,0,0,0,0,0,0,0
N#CNc1nc2ccccc2[nH]1,0,0,0,0,0,0,0,0,0,0,0,0,0,0,0,0
CCC(C)NC(=O)C1CC1c1ccccc1,0,0,0,0,0,0,0,0,0,0,0,0,0,0,0,0
CCOc1ccccc1CN1CCC(O)CC1,0,0,0,0,0,0,0,0,0,0,0,0,0,0,0,0
CS(=O)(=O)Nc1ccc(-c2ccccc2)cc1,0,0,0,0,0,0,0,0,0,0,0,0,0,0,0,0
CCOC(=O)C1CCN(c2cnccn2)CC1,0,0,0,0,0,0,0,0,0,0,0,0,0,0,0,0
CC(C)CC(=O)Nc1ccc(C(=O)NN)cc1,0,0,0,0,0,0,0,0,0,0,0,0,0,0,0,0
CCC(=O)Nc1ccc(N2CCC(C)CC2)cc1,0,0,0,0,0,0,0,0,0,0,0,0,0,0,0,0
CC(C)(C)NC(=O)Nc1ccccc1C(N)=O,0,0,0,0,0,0,0,0,0,0,0,0,0,0,0,0
c1ccc(-c2cn[nH]c2)nc1,0,0,0,0,0,0,0,0,0,0,0,0,0,0,0,0
Cn1nnc(NC(=O)c2ccc(Cl)cc2)n1,0,0,0,0,0,0,0,0,0,0,0,0,0,0,0,0
COc1ccc(Cl)cc1C(=O)NCC(C)C,0,0,0,0,0,0,0,0,0,0,0,0,0,0,0,0
Cc1cc(NC(=O)CCC2CCCCC2)no1,0,0,0,0,0,0,0,0,0,0,0,0,0,0,0,0
COCC(=O)Nc1cccc(NC(C)=O)c1,0,0,0,0,0,0,0,0,0,0,0,0,0,0,0,0
COc1ccc(CNC(=O)CC#N)cc1,0,0,0,0,0,0,0,0,0,0,0,0,0,0,0,0
COc1ccc(NC(=O)CN)cc1,0,0,0,0,0,0,0,0,0,0,0,0,0,0,0,0
CC(=O)NCCc1ccc(S(N)(=O)=O)cc1,0,0,0,0,0,0,0,0,0,0,0,0,0,0,0,0
CC(=O)Nc1ccc(NC(=O)C2CC2(C)C)cc1,0,0,0,0,0,0,0,0,0,0,0,0,0,0,0,0
NC(=O)C1CCN(Cc2ccc(F)cc2)CC1,0,0,0,0,0,0,0,0,0,0,0,0,0,0,0,0
CCC(CO)NC(=O)Nc1ccc(Cl)cc1,0,0,0,0,0,0,0,0,0,0,0,0,0,0,0,0
Cn1cc(Cl)c(C(=O)NC2CCCC2)n1,0,0,0,0,0,0,0,0,0,0,0,0,0,0,0,0
CN(C)CCN1C(=O)c2ccccc2C1=O,0,0,0,0,0,0,0,0,0,0,0,0,0,0,0,0
O=C(NO)OCc1ccccc1,0,0,0,0,0,0,0,0,0,0,0,0,0,0,0,0
Cc1ccc(N2CCN(C(N)=O)CC2)cc1,0,0,0,0,0,0,0,0,0,0,0,0,0,0,0,0
COCC(=O)NCc1ccccc1,0,0,0,0,0,0,0,0,0,0,0,0,0,0,0,0
CN(C)C(=O)Oc1ccc(-c2nnco2)cc1,0,0,0,0,0,0,0,0,0,0,0,0,0,0,0,0
CCC(C)N1CCN(C(=O)c2ccncc2)CC1,0,0,0,0,0,0,0,0,0,0,0,0,0,0,0,0
COc1cc(C(=O)O)cc(OC)c1OC,0,0,0,0,0,0,0,0,0,0,0,0,0,0,0,0
c1ccc(Nc2nncs2)cc1,0,0,0,0,0,0,0,0,0,0,0,0,0,0,0,0
COc1ccccc1OCC(=O)NN,0,0,0,0,0,0,0,0,0,0,0,0,0,0,0,0
O=C(NCC1CCCO1)NC1CCCCC1,0,0,0,0,0,0,0,0,0,0,0,0,0,0,0,0
COc1cc(OC)cc(C(=O)Nn2cnnc2)c1,0,0,0,0,0,0,0,0,0,0,0,0,0,0,0,0
Cc1nc2nc(N)nc(OC(C)C)c2nc1C,0,0,0,0,0,0,0,0,0,0,0,0,0,0,0,0
O=C(COc1ccccc1)Nn1cnnc1,0,0,0,0,0,0,0,0,0,0,0,0,0,0,0,0
O=C1NCCCCC1NCC(O)c1ccccc1,0,0,0,0,0,0,0,0,0,0,0,0,0,0,0,0
CC(C)(C)OC(=O)N1CCN(CCO)CC1,0,0,0,0,0,0,0,0,0,0,0,0,0,0,0,0
CC(=O)Nc1ccccc1C(=O)NN,0,0,0,0,0,0,0,0,0,0,0,0,0,0,0,0
CC(=O)N1CCC(NCCc2ccccc2)CC1,0,0,0,0,0,0,0,0,0,0,0,0,0,0,0,0
CC(C)C(=O)N1CCN(c2ccccc2N)CC1,0,0,0,0,0,0,0,0,0,0,0,0,0,0,0,0
c1cncc(CNC2CCCC2)c1,0,0,0,0,0,0,0,0,0,0,0,0,0,0,0,0
CC(=O)Nc1cc(C(N)=O)cc(C(N)=O)c1,0,0,0,0,0,0,0,0,0,0,0,0,0,0,0,0
O=C(CCC1CCCCC1)N1CCOCC1,0,0,0,0,0,0,0,0,0,0,0,0,0,0,0,0
Cc1cccc(OCC(=O)Nn2cnnc2)c1,0,0,0,0,0,0,0,0,0,0,0,0,0,0,0,0
COC(=O)c1cccc(NS(C)(=O)=O)c1,0,0,0,0,0,0,0,0,0,0,0,0,0,0,0,0
c1cc(-c2noc(C3CCCCC3)n2)ccn1,0,0,0,0,0,0,0,0,0,0,0,0,0,0,0,0
O=C(O)COc1ccc(N2C(=O)CCC2=O)cc1,0,0,0,0,0,0,0,0,0,0,0,0,0,0,0,0
Cc1nnc(Nc2cccc(F)c2)s1,0,0,0,0,0,0,0,0,0,0,0,0,0,0,0,0
CC(C)C(=O)NCc1nc2ccccc2[nH]1,0,0,0,0,0,0,0,0,0,0,0,0,0,0,0,0
Cn1nnc(NC(=O)c2ccc(F)cc2)n1,0,0,0,0,0,0,0,0,0,0,0,0,0,0,0,0
COCC(=O)Nc1c(C)cc(C)cc1C,0,0,0,0,0,0,0,0,0,0,0,0,0,0,0,0
COc1ccc(CNC2CCCC2)cc1,0,0,0,0,0,0,0,0,0,0,0,0,0,0,0,0
CC(=O)c1ccc(OCC(=O)O)cc1,0,0,0,0,0,0,0,0,0,0,0,0,0,0,0,0
CNC(=O)Nc1ccc(C(=O)NC(C)C)cc1,0,0,0,0,0,0,0,0,0,0,0,0,0,0,0,0
Cc1ccccc1CNc1nnnn1C,0,0,0,0,0,0,0,0,0,0,0,0,0,0,0,0
CC1CC1C(=O)NCCc1ccc(Cl)cc1,0,0,0,0,0,0,0,0,0,0,0,0,0,0,0,0
CCOC(=O)NCc1ccccc1,0,0,0,0,0,0,0,0,0,0,0,0,0,0,0,0
COC(=O)Nc1nc(C)c(C(=O)N(C)C)s1,0,0,0,0,0,0,0,0,0,0,0,0,0,0,0,0
O=C1CCN(Cc2ccc(Cl)cc2)N1,0,0,0,0,0,0,0,0,0,0,0,0,0,0,0,0
O=C(NCC1CCCO1)N1CCOCC1,0,0,0,0,0,0,0,0,0,0,0,0,0,0,0,0
COCC(=O)NCc1ccc(C)cc1,0,0,0,0,0,0,0,0,0,0,0,0,0,0,0,0
CC(=O)Nc1nnc(SC(C)C)s1,0,0,0,0,0,0,0,0,0,0,0,0,0,0,0,0
CC(O)CNC(=O)Nc1ccccc1,0,0,0,0,0,0,0,0,0,0,0,0,0,0,0,0
CC(C)Oc1ccc(C2CNC(=O)C2)cc1,0,0,0,0,0,0,0,0,0,0,0,0,0,0,0,0
CC(=O)Nc1ccc(C#N)cc1,0,0,0,0,0,0,0,0,0,0,0,0,0,0,0,0
CC1CCCCN1C(=O)N1CCOCC1,0,0,0,0,0,0,0,0,0,0,0,0,0,0,0,0
CCOC(=O)Nc1cccc(Cl)c1,0,0,0,0,0,0,0,0,0,0,0,0,0,0,0,0
COC(=O)Nc1nnc(CC2CCCC2)s1,0,0,0,0,0,0,0,0,0,0,0,0,0,0,0,0
NC(=O)C1CCN(C(=O)C2CCCCC2)CC1,0,0,0,0,0,0,0,0,0,0,0,0,0,0,0,0
O=c1[nH]cc(N2CCCCC2)c(=O)[nH]1,0,0,0,0,0,0,0,0,0,0,0,0,0,0,0,0
CCNC(=O)c1ccc(NS(C)(=O)=O)cc1,0,0,0,0,0,0,0,0,0,0,0,0,0,0,0,0
C(#Cc1ccccc1)CN1CCCCC1,0,0,0,0,0,0,0,0,0,0,0,0,0,0,0,0
CC(=O)Nc1ccc2[nH]c(C(F)(F)F)nc2c1,0,0,0,0,0,0,0,0,0,0,0,0,0,0,0,0
OCc1ccc(CN2CCOCC2)cc1,0,0,0,0,0,0,0,0,0,0,0,0,0,0,0,0
CC(=O)Nc1cccc(NC(N)=O)c1,0,0,0,0,0,0,0,0,0,0,0,0,0,0,0,0
COC(=O)C1CCN(CC(N)=O)CC1,0,0,0,0,0,0,0,0,0,0,0,0,0,0,0,0
CC(C)(C)CC(=O)Nc1ccc(F)cc1F,0,0,0,0,0,0,0,0,0,0,0,0,0,0,0,0
O=C(O)c1cncc(C#CCC2CCCCC2)c1,0,0,0,0,0,0,0,0,0,0,0,0,0,0,0,0
COCC(=O)NC(C)c1ccccc1,0,0,0,0,0,0,0,0,0,0,0,0,0,0,0,0
CC1CCN(c2ccc(N)cc2Cl)CC1,0,0,0,0,0,0,0,0,0,0,0,0,0,0,0,0
Cc1ccc(S(=O)(=O)N(C)CCC#N)cc1,0,0,0,0,0,0,0,0,0,0,0,0,0,0,0,0
CS(=O)(=O)Nc1ccc(C(N)=O)cc1,0,0,0,0,0,0,0,0,0,0,0,0,0,0,0,0
NCc1ccccc1N1CCC(CO)CC1,0,0,0,0,0,0,0,0,0,0,0,0,0,0,0,0
COC(=O)c1ccncc1,0,0,0,0,0,0,0,0,0,0,0,0,0,0,0,0
CC(=O)NCC1(c2ccccc2)CCOCC1,0,0,0,0,0,0,0,0,0,0,0,0,0,0,0,0
COCC(=O)Nc1ccc(O)cc1,0,0,0,0,0,0,0,0,0,0,0,0,0,0,0,0
CN(C)C(=O)Nc1ccc(S(N)(=O)=O)cc1,0,0,0,0,0,0,0,0,0,0,0,0,0,0,0,0
CCN1CCC(Nc2ccccc2F)CC1,0,0,0,0,0,0,0,0,0,0,0,0,0,0,0,0
CC1CCCCN1C(=O)c1cnccn1,0,0,0,0,0,0,0,0,0,0,0,0,0,0,0,0
O=c1[nH]cc(N2CCOCC2)c(=O)[nH]1,0,0,0,0,0,0,0,0,0,0,0,0,0,0,0,0
COC(=O)COc1ccc(C#N)cc1,0,0,0,0,0,0,0,0,0,0,0,0,0,0,0,0
COCc1nnc(NC(=O)C(C)C)s1,0,0,0,0,0,0,0,0,0,0,0,0,0,0,0,0
Cn1ncc(Cl)c1C(=O)N1CCCCC1,0,0,0,0,0,0,0,0,0,0,0,0,0,0,0,0
Fc1ccc(CNCC2CCCO2)cc1,0,0,0,0,0,0,0,0,0,0,0,0,0,0,0,0
Cc1[nH]cnc1CN1CCCCCC1,0,0,0,0,0,0,0,0,0,0,0,0,0,0,0,0
O=C(c1csnn1)N1CCOCC1,0,0,0,0,0,0,0,0,0,0,0,0,0,0,0,0
O=c1[nH]cc(NC2CCCCC2)c(=O)[nH]1,0,0,0,0,0,0,0,0,0,0,0,0,0,0,0,0
COC(=O)CNC(=O)C1CCCCC1,0,0,0,0,0,0,0,0,0,0,0,0,0,0,0,0
COCC(=O)Nc1ccccc1,0,0,0,0,0,0,0,0,0,0,0,0,0,0,0,0
CC1CCCCN1Cc1ccccc1C#N,0,0,0,0,0,0,0,0,0,0,0,0,0,0,0,0
CCNC(=O)N1CCNC(=O)C1CC(=O)OC,0,0,0,0,0,0,0,0,0,0,0,0,0,0,0,0
c1nc(CCNC2CCCCCC2)c[nH]1,0,0,0,0,0,0,0,0,0,0,0,0,0,0,0,0
CCOC(=O)c1ccc(F)cc1F,0,0,0,0,0,0,0,0,0,0,0,0,0,0,0,0
CCNC(=O)Nc1cc(C)on1,0,0,0,0,0,0,0,0,0,0,0,0,0,0,0,0
CCN(CC)S(=O)(=O)c1ccc(C)cc1,0,0,0,0,0,0,0,0,0,0,0,0,0,0,0,0
CNC(=O)c1ccc(S(N)(=O)=O)cc1,0,0,0,0,0,0,0,0,0,0,0,0,0,0,0,0
NC(=O)NOCc1ccccc1,0,0,0,0,0,0,0,0,0,0,0,0,0,0,0,0
CCc1nnc(NC(=O)CN(C)C)s1,0,0,0,0,0,0,0,0,0,0,0,0,0,0,0,0
COC(=O)C(C)NC(=O)N1CCOCC1,0,0,0,0,0,0,0,0,0,0,0,0,0,0,0,0
CCCC(=O)Nc1nnn(CC)n1,0,0,0,0,0,0,0,0,0,0,0,0,0,0,0,0
COc1ccc(NC(N)=S)cc1,0,0,0,0,0,0,0,0,0,0,0,0,0,0,0,0
CC(C)NCc1ccc(N(C)C)cc1,0,0,0,0,0,0,0,0,0,0,0,0,0,0,0,0
COC(=O)CC1C(=O)NCCN1C(C)=O,0,0,0,0,0,0,0,0,0,0,0,0,0,0,0,0
CS(=O)(=O)N(CC(N)=O)C1CCCCC1,0,0,0,0,0,0,0,0,0,0,0,0,0,0,0,0
C1=CCC(CNCc2cccnc2)CC1,0,0,0,0,0,0,0,0,0,0,0,0,0,0,0,0
CN(c1ccc(C(N)=O)cc1)S(C)(=O)=O,0,0,0,0,0,0,0,0,0,0,0,0,0,0,0,0
CS(=O)(=O)N1CCC(C(=O)NC2CC2)CC1,0,0,0,0,0,0,0,0,0,0,0,0,0,0,0,0
CN(C)C(=O)NC1CC(C)(C)N(O)C(C)(C)C1,0,0,0,0,0,0,0,0,0,0,0,0,0,0,0,0
Cc1nonc1NC(=O)N1CCCCC1,0,0,0,0,0,0,0,0,0,0,0,0,0,0,0,0
Cc1nn(C)c(C)c1NC(=O)CC#N,0,0,0,0,0,0,0,0,0,0,0,0,0,0,0,0
N#CCC(=O)NCc1ccncc1,0,0,0,0,0,0,0,0,0,0,0,0,0,0,0,0
O=C(Nc1cccc(Cl)c1)C(F)(F)F,0,0,0,0,0,0,0,0,0,0,0,0,0,0,0,0
CS(=O)(=O)Nc1ccc(CN)cc1,0,0,0,0,0,0,0,0,0,0,0,0,0,0,0,0
CC(CO)(CO)NC(=O)Nc1ccccc1,0,0,0,0,0,0,0,0,0,0,0,0,0,0,0,0
OCC1CCN(c2ncccn2)CC1,0,0,0,0,0,0,0,0,0,0,0,0,0,0,0,0
c1cnc(NC2CCCCCC2)nc1,0,0,0,0,0,0,0,0,0,0,0,0,0,0,0,0
O=C(N1CCCCC1)N1CCCCC1,0,0,0,0,0,0,0,0,0,0,0,0,0,0,0,0
CCC(=O)Nc1nc(C)cs1,0,0,0,0,0,0,0,0,0,0,0,0,0,0,0,0
CCOc1ccc(C(C)N)cc1,0,0,0,0,0,0,0,0,0,0,0,0,0,0,0,0
CCC(C)c1ccc(NS(C)(=O)=O)cc1,0,0,0,0,0,0,0,0,0,0,0,0,0,0,0,0
COC(=O)c1ccc(S(N)(=O)=O)cc1,0,0,0,0,0,0,0,0,0,0,0,0,0,0,0,0
CC(C)(CO)NC(=O)c1cccc(Cl)c1,0,0,0,0,0,0,0,0,0,0,0,0,0,0,0,0
CCOC(=O)c1sc(C)nc1C(F)(F)F,0,0,0,0,0,0,0,0,0,0,0,0,0,0,0,0
CC(C)(C)C1CCC(NCc2ccncc2)CC1,0,0,0,0,0,0,0,0,0,0,0,0,0,0,0,0
CC1(C)C2CC=C(CN3CCCC3CO)C1C2,0,0,0,0,0,0,0,0,0,0,0,0,0,0,0,0
CS(=O)(=O)NCCc1ccc(F)cc1,0,0,0,0,0,0,0,0,0,0,0,0,0,0,0,0
CN1CCC(N2CCCC(C(=O)O)C2)CC1,0,0,0,0,0,0,0,0,0,0,0,0,0,0,0,0
O=C(CC1CCCCC1)Nn1cnnc1,0,0,0,0,0,0,0,0,0,0,0,0,0,0,0,0
CCNC(=O)N1CCN(C(C)=O)CC1,0,0,0,0,0,0,0,0,0,0,0,0,0,0,0,0
CS(=O)(=O)NCCc1ccccc1,0,0,0,0,0,0,0,0,0,0,0,0,0,0,0,0
CC(C)NC(=O)NC1CCCCNC1=O,0,0,0,0,0,0,0,0,0,0,0,0,0,0,0,0
CC1CCC(NC2CCC(O)CC2)CC1,0,0,0,0,0,0,0,0,0,0,0,0,0,0,0,0
COCc1nnc(NC(C)=O)s1,0,0,0,0,0,0,0,0,0,0,0,0,0,0,0,0
CCOC(=O)N1CCOCC1,0,0,0,0,0,0,0,0,0,0,0,0,0,0,0,0
CCOC(=O)CN1CCS(=O)(=O)CC1,0,0,0,0,0,0,0,0,0,0,0,0,0,0,0,0
CSc1nsc(NC(C)=O)n1,0,0,0,0,0,0,0,0,0,0,0,0,0,0,0,0
N#CCC(=O)NC1CCCCC1,0,0,0,0,0,0,0,0,0,0,0,0,0,0,0,0
CNC(=O)OCc1nccn1C,0,0,0,0,0,0,0,0,0,0,0,0,0,0,0,0
CCOC(=O)CN1CCCCC1,0,0,0,0,0,0,0,0,0,0,0,0,0,0,0,0
CCN(CCC#N)c1ccccc1,0,0,0,0,0,0,0,0,0,0,0,0,0,0,0,0
CCC1CCC(NCC2CCCO2)CC1,0,0,0,0,0,0,0,0,0,0,0,0,0,0,0,0
Cc1ccsc1CNC(C)(C)CO,0,0,0,0,0,0,0,0,0,0,0,0,0,0,0,0
COCCNC1CCN(C(C)=O)CC1,0,0,0,0,0,0,0,0,0,0,0,0,0,0,0,0
CNC(=O)CCC1CCCCC1,0,0,0,0,0,0,0,0,0,0,0,0,0,0,0,0
CN(C)C(=O)N1CCN(C(=O)N(C)C)CC1,0,0,0,0,0,0,0,0,0,0,0,0,0,0,0,0
CNc1ncccn1,0,0,0,0,0,0,0,0,0,0,0,0,0,0,0,0
CN1CCN(S(=O)(=O)N(C)C)CC1,0,0,0,0,0,0,0,0,0,0,0,0,0,0,0,0
CN(C)C(=O)OCCn1ccnc1,0,0,0,0,0,0,0,0,0,0,0,0,0,0,0,0
CS(=O)(=O)NC1CCCC1,0,0,0,0,0,0,0,0,0,0,0,0,0,0,0,0
OCC(O)CN1CCCC1,0,0,0,0,0,0,0,0,0,0,0,0,0,0,0,0
N#CCCN1CCOCC1,0,0,0,0,0,0,0,0,0,0,0,0,0,0,0,0
CC(O)CNC1CCCCC1,0,0,0,0,0,0,0,0,0,0,0,0,0,0,0,0
CN1CCCC1CO,0,0,0,0,0,0,0,0,0,0,0,0,0,0,0,0
CNCCC1CCCCC1,0,0,0,0,0,0,0,0,0,0,0,0,0,0,0,0
CCN1CCCCC1,0,0,0,0,0,0,0,0,0,0,0,0,0,0,0,0
COC(=O)C1CC1,0,0,0,0,0,0,0,0,0,0,0,0,0,0,0,0
CC(C)(C)N1CC(O)C1,0,0,0,0,0,0,0,0,0,0,0,0,0,0,0,0
